t,tau_jo_kc,tau_jn_kc,tau_jo_ka,tau_jn_ka,A_period_cost,B_period_cost,C_period_cost,A_cum_discounted,B_cum_discounted,C_cum_discounted,A_period_demand,B_period_demand,C_period_demand,A_cum_demand,B_cum_demand,C_cum_demand,B_u,C_u,C_v,B_a_M2_pre,C_a_M2_pre,B_age_M2_pre,C_age_M2_pre,A_cap_M1_pre,A_cap_M2_pre,A_y_M1,A_y_M2,B_cap_M1_pre,B_cap_M2_pre,B_y_M1,B_y_M2,C_cap_M1_pre,C_cap_M2_pre,C_y_M1,C_y_M2
1,1.0,0.025,0.047,0.074,541.4215443707687,541.4215443707687,541.4215443707687,541.4215443707687,541.4215443707687,541.4215443707687,52.51846134488967,52.51846134488967,52.51846134488967,52.51846134488967,52.51846134488967,52.51846134488967,1,1,0,0,0,0,0,70.92,0.0,52.51846134488967,-0.0,70.92,0.0,52.51846134488967,-0.0,70.92,0.0,52.51846134488967,-0.0
2,1.1,0.025,0.065,0.106,578.9908284773375,3135.4446903784947,3135.4446903784947,1118.2701067827402,3665.265089394863,3665.265089394863,54.56328953001234,55.62129930116426,55.62129930116426,107.08175087490201,108.13976064605393,108.13976064605393,0,0,0,1,1,1,1,70.92,0.0,54.56328953001234,-0.0,70.92,12.810247333504934,42.811051967659324,12.810247333504934,70.92,12.810247333504934,42.811051967659324,12.810247333504934
3,1.2,0.025,0.104,0.183,620.3753531384542,593.5700943856203,593.5700943856203,1734.0631752465542,4254.450891056622,4254.450891056622,56.71672330216566,58.62850238571791,58.62850238571791,163.79847417706767,166.76826303177182,166.76826303177182,0,0,0,1,1,2,2,70.92,0.0,56.71672330216566,-0.0,70.92,23.38263244492381,35.245869940794094,23.38263244492381,70.92,23.38263244492381,35.245869940794094,23.38263244492381
4,2.0,0.35,0.181,0.24,769.6277889654884,642.7276316540737,642.7276316540737,2495.179665383862,4890.070610267085,4890.070610267085,58.25445220000396,59.33512125594001,59.33512125594001,222.05292637707163,226.10338428771183,226.10338428771183,0,0,0,1,1,3,3,70.92,0.0,58.25445220000396,-0.0,70.92,32.10809449371701,27.227026762222994,32.10809449371701,70.92,32.10809449371701,27.227026762222994,32.10809449371701
5,1.1,0.25,0.139,0.205,687.7659120129081,656.4646184695433,656.4646184695433,3172.822995770263,5536.873341502463,5536.873341502463,64.22554399556851,66.149754490047,66.149754490047,286.27847037264013,292.25313877775886,292.25313877775886,0,0,0,1,1,4,4,70.92,0.0,64.22554399556851,-0.0,70.92,39.30927825334955,26.84047623669745,39.30927825334955,70.92,39.30927825334955,26.84047623669745,39.30927825334955
6,1.1,0.1,0.101,0.222,663.7252810536312,596.528763506039,596.528763506039,3824.359887540115,6122.447686070231,6122.447686070231,62.37492288949178,64.85221144320971,64.85221144320971,348.6533932621319,357.1053502209686,357.1053502209686,0,0,0,1,1,5,5,70.92,0.0,62.37492288949178,-0.0,70.92,45.25246467144503,21.965508212445396,42.88670323076431,70.92,45.25246467144503,21.965508212445396,42.88670323076431
7,1.1,0.2,0.05,0.1,624.4717679499513,578.0360557969482,578.0360557969482,4435.095986644701,6687.769457169933,6687.769457169933,59.16911881784749,61.403619467089484,61.403619467089484,407.8225120799794,418.5089696880581,418.5089696880581,0,0,0,1,1,6,6,70.92,0.0,59.16911881784749,-0.0,70.92,50.157417243025726,20.752729435168252,40.650890031921236,70.92,50.157417243025726,20.752729435168252,40.650890031921236
8,1.1,0.2,0.093,0.165,598.793839188774,553.0908059958948,553.0908059958948,5018.5521549837795,7226.693242436539,7226.693242436539,56.28398364727922,58.49937495870561,58.49937495870561,464.1064957272586,477.0083446467637,477.0083446467637,0,0,0,1,1,7,7,70.92,0.0,56.28398364727922,-0.0,70.92,54.2055082899772,19.379664899383982,39.119710059321626,70.92,54.2055082899772,19.379664899383982,39.119710059321626
9,1.1,0.2,0.161,0.221,574.3251613170214,529.4478782748154,529.4478782748154,5576.095820246662,7740.670916585583,7740.670916585583,53.35219715105376,55.557792674783144,55.557792674783144,517.4586928783124,532.5661373215469,532.5661373215469,0,0,0,1,1,8,8,70.92,0.0,53.35219715105376,-0.0,70.92,57.546425635305944,17.997366615451032,37.560426059332116,70.92,57.546425635305944,17.997366615451032,37.560426059332116
10,1.1,0.2,0.235,0.278,562.4878795425392,516.883844923069,516.883844923069,6120.127689858113,8240.59508340345,8240.59508340345,51.59989684254391,53.82947577845695,53.82947577845695,569.0585897208563,586.3956131000039,586.3956131000039,0,0,0,1,1,9,9,70.92,0.0,51.59989684254391,-0.0,70.92,60.30370766746875,17.031022653920886,36.79845312453607,70.92,60.30370766746875,17.031022653920886,36.79845312453607
11,1.1,0.2,0.133,0.183,591.7208125923368,539.9912092067631,539.9912092067631,6690.31578848451,8760.936018351596,8760.936018351596,55.18330019671029,57.572034204836854,57.572034204836854,624.2418899175666,643.9676473048407,643.9676473048407,0,0,0,1,1,10,10,70.92,0.0,55.18330019671029,-0.0,70.92,62.57931146698142,18.683269424623095,38.888764780213755,70.92,62.57931146698142,18.683269424623095,38.888764780213755
12,1.1,0.2,0.102,0.15,626.7037160887783,568.8318296494301,568.8318296494301,7291.9793406215595,9307.039975308206,9307.039975308206,58.81734693904069,61.37002157350392,61.37002157350392,683.0592368566073,705.3376688783446,705.3376688783446,0,0,0,1,1,11,11,70.92,0.0,58.81734693904069,-0.0,70.92,64.45738291268499,20.395510628074742,40.97451094542918,70.92,64.45738291268499,20.395510628074742,40.97451094542918
13,1.13,0.23,0.066,0.079,554.6429329596771,503.1063602116552,503.1063602116552,7822.491139832668,9788.257429799492,9788.257429799492,51.8573418041411,54.208092222712935,54.208092222712935,734.9165786607484,759.5457611010576,759.5457611010576,0,0,0,1,1,12,12,70.92,0.0,51.8573418041411,-0.0,70.92,66.00736817634227,17.459197458316275,36.74889476439666,70.92,66.00736817634227,17.459197458316275,36.74889476439666
14,1.15,0.25,0.087,0.125,585.1984350685848,518.4007376172366,518.4007376172366,8380.15801703764,10282.269209673574,10282.269209673574,54.26246784875014,56.70154288439029,56.70154288439029,789.1790465094986,816.2473039854478,816.2473039854478,0,0,0,1,1,13,13,70.92,0.0,54.26246784875014,-0.0,70.92,67.28658166049951,18.40381191585826,38.297730968532036,70.92,67.28658166049951,18.40381191585826,38.297730968532036
15,1.16,0.26,0.138,0.195,618.9415543494611,549.1752541582789,549.1752541582789,8967.798173478152,10803.671319451161,10803.671319451161,56.82887603976094,59.36216143832792,59.36216143832792,846.0079225492595,875.6094654237758,875.6094654237758,0,0,0,1,1,14,14,70.92,0.0,56.82887603976094,-0.0,70.92,68.34232533524164,19.470529551452785,39.89163188687513,70.92,68.34232533524164,19.470529551452785,39.89163188687513
16,1.14,0.24,0.184,0.254,658.0156515861933,583.1250377531182,583.1250377531182,9590.224822610971,11355.257839314632,11355.257839314632,60.334379558294394,63.00706385213122,63.00706385213122,906.3423021075539,938.6165292759069,938.6165292759069,0,0,0,1,1,15,15,70.92,0.0,60.334379558294394,-0.0,70.92,69.21363784137297,20.94305753473028,42.06400631740094,70.92,69.21363784137297,20.94305753473028,42.06400631740094
17,1.17,0.27,0.161,0.183,697.1380030945293,620.2986451992817,620.2986451992817,10247.217975134825,11939.836445855597,11939.836445855597,63.76310482585181,66.6292118786124,66.6292118786124,970.1054069334057,1005.2457411545194,1005.2457411545194,0,0,0,1,1,16,16,70.92,0.0,63.76310482585181,-0.0,70.92,69.93273803728587,22.69453654553264,43.93467533307975,70.92,69.93273803728587,22.69453654553264,43.93467533307975
18,1.15,0.25,0.118,0.253,670.3619014288191,592.8159672606869,592.8159672606869,10876.639425753956,12496.447860179873,12496.447860179873,62.04966481620881,64.70356014677456,64.70356014677456,1032.1550717496145,1069.9493013012939,1069.9493013012939,0,0,0,1,1,17,17,70.92,0.0,62.04966481620881,-0.0,70.92,70.52621636810649,21.855168319493472,42.84839182728109,70.92,70.52621636810649,21.855168319493472,42.84839182728109
19,1.14,0.24,0.07,0.108,630.0218853853252,556.2815178361319,385.614036041194,11465.995795514185,13016.823522552457,12857.171977360076,58.90344733121746,61.57583277936343,61.57583277936343,1091.058519080832,1131.5251340806574,1131.5251340806574,0,0,1,1,1,18,18,70.92,0.0,58.90344733121746,-0.0,70.92,71.01601811083373,20.69951108329478,40.87632169606865,70.92,71.01601811083373,20.69951108329478,40.87632169606865
20,1.16,0.26,0.125,0.155,606.8292160086155,536.5573688981644,567.6155021284442,12031.556149877522,13516.891033616388,13386.185439561817,55.89871002675616,58.47279662454498,60.595208859535035,1146.957229107588,1189.9979307052024,1192.1203429401924,0,0,0,1,1,19,19,70.92,0.0,55.89871002675616,-0.0,70.92,71.42025485330572,19.334106616057763,39.138690008487224,0.0,71.42025485330572,-0.0,60.595208859535035
21,1.15,0.25,0.156,0.229,578.6152429344793,509.92067359982786,542.1057708547497,12568.826008378595,13990.374944552303,13889.554637584704,53.124425120204236,55.553882672400775,57.528146522712476,1200.0816542277923,1245.5518133776031,1249.6484894629048,0,0,0,1,1,20,20,70.92,0.0,53.124425120204236,-0.0,70.92,71.75387421336455,17.985756377686815,37.568126294713956,0.0,71.75387421336455,-0.0,57.528146522712476
22,1.13,0.23,0.224,0.296,564.5368535886159,495.9966244452851,526.4615803206566,13091.083928793016,14449.225706851927,14376.588793758172,51.4844365262916,53.881215420631946,55.812736190630794,1251.566090754084,1299.433028798235,1305.4612256535356,0,0,0,1,1,21,21,70.92,0.0,51.4844365262916,-0.0,70.92,72.02921256268291,17.0194218387559,36.86179358187604,0.0,72.02921256268291,-0.0,55.812736190630794
23,1.17,0.27,0.148,0.206,599.3887260365904,528.5310357379485,560.1247888440138,13643.53196865392,14936.36522418956,14892.847822720103,54.798324104618615,57.325125357677884,59.37030093723348,1306.3644148587025,1356.758154155913,1364.831526590769,0,0,0,1,1,22,22,70.92,0.0,54.798324104618615,-0.0,70.92,72.25645119353452,18.630086338793276,38.69503901888461,0.0,72.25645119353452,-0.0,59.37030093723348
24,1.16,0.26,0.104,0.121,632.8637132283582,557.7216648912267,587.4983380193212,14224.67521136935,15448.507364894953,15432.333152831417,58.49879498871081,61.221890861044855,63.426054833685484,1364.8632098474134,1417.9800450169578,1428.2575814244544,0,0,0,1,1,23,23,70.92,0.0,58.49879498871081,-0.0,70.92,72.44399279636299,20.42743505409286,40.794455806951994,0.0,72.44399279636299,-0.0,63.426054833685484
25,1.14,0.24,0.046,0.096,554.2548747417807,484.9588848925259,513.2681705368356,14731.750736529446,15892.18552172217,15901.910848912452,51.85820848116826,54.28638417503692,56.22845140059576,1416.7214183285816,1472.2664291919948,1484.4860328250502,0,0,0,1,1,24,24,70.92,0.0,51.85820848116826,-0.0,70.92,72.59877216930526,17.46299971238996,36.82338446264696,0.0,72.59877216930526,-0.0,56.22845140059576
26,1.15,0.25,0.091,0.112,585.46836641101,513.3161059951858,540.4934218782112,15265.400956180909,16360.069473154414,16394.566728979236,54.25239465362604,56.821581018041144,58.882186010571964,1470.9738129822076,1529.088010210036,1543.3682188356222,0,0,0,1,1,25,25,70.92,0.0,54.25239465362604,-0.0,70.92,72.72651264889537,18.412327682573814,38.40925333546733,0.0,72.72651264889537,-0.0,58.882186010571964
27,1.16,0.26,0.108,0.197,616.8051444773052,540.7735221642108,574.4717336164347,15825.534234601568,16851.156891223236,16916.25617724617,56.90908309748488,59.49703576261855,61.547269734269335,1527.8828960796925,1588.5850459726544,1604.9154885698915,0,0,0,1,1,26,26,70.92,0.0,56.90908309748488,-0.0,70.92,72.8319377440855,19.506532097021267,39.99050366559729,0.0,72.8319377440855,-0.0,61.547269734269335
28,1.14,0.24,0.171,0.238,657.029935685979,575.7502913582739,608.9449324978275,16419.988812601245,17372.072876771497,17467.20535507183,60.3717526793974,63.13464405843883,65.31776626948655,1588.2546487590898,1651.7196900310933,1670.233254839378,0,0,0,1,1,27,27,70.92,0.0,60.3717526793974,-0.0,70.92,72.91894579925729,20.980874866234544,42.15376919220429,0.0,72.91894579925729,-0.0,65.31776626948655
29,1.17,0.27,0.142,0.209,695.573639237192,611.3244242440037,646.4329716499154,17046.98769065673,17923.128446601968,18049.908213689447,63.82213838052421,66.69996535433975,68.97996376094127,1652.076787139614,1718.419655385433,1739.2132186003194,0,0,0,1,1,28,28,70.92,0.0,63.82213838052421,-0.0,70.92,72.99075414480468,22.684349239325847,44.015616115013906,0.0,72.99075414480468,-0.0,68.97996376094127
30,1.15,0.25,0.088,0.229,667.9431819365391,-355.4537953203168,-365.94347579815474,17646.852382943787,17603.903417709695,17721.262639573873,62.14014444268389,64.84891126369051,66.94863732796969,1714.216931582298,1783.2685666491236,1806.161855928289,0,0,0,1,1,29,29,70.92,0.0,62.14014444268389,-0.0,70.92,73.05001806559997,21.93129008191354,42.917621181776965,0.0,73.05001806559997,-0.0,66.94863732796969
