level_shift,span,tail_anchor,jo_kc_tail,total_A,total_B,total_C,gap_A_minus_B,gap_A_minus_C,gap_B_minus_C,demand_A,demand_B,demand_C,activation_B,activation_C,withdrawal_C
-1.0,0.05,1.14,"[0.0, 0.027579230769230773, 0.0, 0.04752923076923077, 0.0, 0.00762923076923077, 0.0, 0.03612923076923077, 0.0, 0.0, 0.01617923076923077, 0.0, 0.05322923076923077, 0.0, 0.019029230769230774, 0.0, 0.027579230769230773, 0.0, 0.04752923076923077, 0.0, 0.00762923076923077, 0.0, 0.03612923076923077, 0.0, 0.0, 0.01617923076923077, 0.0, 0.05322923076923077, 0.0, 0.019029230769230774, 0.0, 0.027579230769230773, 0.0, 0.04752923076923077, 0.0, 0.00762923076923077, 0.0, 0.03612923076923077, 0.0, 0.0, 0.01617923076923077, 0.0, 0.05322923076923077, 0.0, 0.019029230769230774, 0.0, 0.027579230769230773, 0.0, 0.04752923076923077, 0.0, 0.00762923076923077, 0.0, 0.03612923076923077, 0.0, 0.0, 0.01617923076923077, 0.0, 0.05322923076923077, 0.0, 0.019029230769230774, 0.0, 0.027579230769230773, 0.0, 0.04752923076923077, 0.0]",35374.15970583977,35374.15970583977,37837.719963868076,0.0,-2463.5602580283085,-2463.5602580283085,4958.826578280854,4958.826578280854,4901.340484601655,0,1,14
-0.95,0.05,1.14,"[0.05322923076923081, 0.08457923076923081, 0.03327923076923082, 0.10452923076923082, 0.007629230769230815, 0.06462923076923081, 0.04752923076923082, 0.09312923076923081, 0.019029230769230816, 0.05322923076923081, 0.07317923076923082, 0.038979230769230815, 0.11022923076923082, 0.0, 0.07602923076923082, 0.05322923076923081, 0.08457923076923081, 0.03327923076923082, 0.10452923076923082, 0.007629230769230815, 0.06462923076923081, 0.04752923076923082, 0.09312923076923081, 0.019029230769230816, 0.05322923076923081, 0.07317923076923082, 0.038979230769230815, 0.11022923076923082, 0.0, 0.07602923076923082, 0.05322923076923081, 0.08457923076923081, 0.03327923076923082, 0.10452923076923082, 0.007629230769230815, 0.06462923076923081, 0.04752923076923082, 0.09312923076923081, 0.019029230769230816, 0.05322923076923081, 0.07317923076923082, 0.038979230769230815, 0.11022923076923082, 0.0, 0.07602923076923082, 0.05322923076923081, 0.08457923076923081, 0.03327923076923082, 0.10452923076923082, 0.007629230769230815, 0.06462923076923081, 0.04752923076923082, 0.09312923076923081, 0.019029230769230816, 0.05322923076923081, 0.07317923076923082, 0.038979230769230815, 0.11022923076923082, 0.0, 0.07602923076923082, 0.05322923076923081, 0.08457923076923081, 0.03327923076923082, 0.10452923076923082, 0.007629230769230815]",35739.28266902918,35739.28266902918,37837.719963868076,0.0,-2098.437294838899,-2098.437294838899,4946.875074028505,4946.875074028505,4901.340484601655,0,1,14
-0.9,0.05,1.14,"[0.11022923076923075, 0.14157923076923074, 0.09027923076923074, 0.16152923076923073, 0.06462923076923073, 0.12162923076923074, 0.10452923076923074, 0.15012923076923074, 0.07602923076923072, 0.11022923076923075, 0.13017923076923074, 0.09597923076923075, 0.16722923076923074, 0.05322923076923073, 0.13302923076923073, 0.11022923076923075, 0.14157923076923074, 0.09027923076923074, 0.16152923076923073, 0.06462923076923073, 0.12162923076923074, 0.10452923076923074, 0.15012923076923074, 0.07602923076923072, 0.11022923076923075, 0.13017923076923074, 0.09597923076923075, 0.16722923076923074, 0.05322923076923073, 0.13302923076923073, 0.11022923076923075, 0.14157923076923074, 0.09027923076923074, 0.16152923076923073, 0.06462923076923073, 0.12162923076923074, 0.10452923076923074, 0.15012923076923074, 0.07602923076923072, 0.11022923076923075, 0.13017923076923074, 0.09597923076923075, 0.16722923076923074, 0.05322923076923073, 0.13302923076923073, 0.11022923076923075, 0.14157923076923074, 0.09027923076923074, 0.16152923076923073, 0.06462923076923073, 0.12162923076923074, 0.10452923076923074, 0.15012923076923074, 0.07602923076923072, 0.11022923076923075, 0.13017923076923074, 0.09597923076923075, 0.16722923076923074, 0.05322923076923073, 0.13302923076923073, 0.11022923076923075, 0.14157923076923074, 0.09027923076923074, 0.16152923076923073, 0.06462923076923073]",36181.01675649972,36181.01675649972,37837.719963868076,0.0,-1656.7032073683586,-1656.7032073683586,4926.3888421419615,4926.3888421419615,4901.340484601655,0,1,14
-0.85,0.05,1.14,"[0.16722923076923077, 0.19857923076923079, 0.14727923076923077, 0.21852923076923078, 0.12162923076923078, 0.1786292307692308, 0.16152923076923079, 0.20712923076923076, 0.13302923076923076, 0.16722923076923077, 0.1871792307692308, 0.15297923076923078, 0.2242292307692308, 0.11022923076923079, 0.19002923076923078, 0.16722923076923077, 0.19857923076923079, 0.14727923076923077, 0.21852923076923078, 0.12162923076923078, 0.1786292307692308, 0.16152923076923079, 0.20712923076923076, 0.13302923076923076, 0.16722923076923077, 0.1871792307692308, 0.15297923076923078, 0.2242292307692308, 0.11022923076923079, 0.19002923076923078, 0.16722923076923077, 0.19857923076923079, 0.14727923076923077, 0.21852923076923078, 0.12162923076923078, 0.1786292307692308, 0.16152923076923079, 0.20712923076923076, 0.13302923076923076, 0.16722923076923077, 0.1871792307692308, 0.15297923076923078, 0.2242292307692308, 0.11022923076923079, 0.19002923076923078, 0.16722923076923077, 0.19857923076923079, 0.14727923076923077, 0.21852923076923078, 0.12162923076923078, 0.1786292307692308, 0.16152923076923079, 0.20712923076923076, 0.13302923076923076, 0.16722923076923077, 0.1871792307692308, 0.15297923076923078, 0.2242292307692308, 0.11022923076923079, 0.19002923076923078, 0.16722923076923077, 0.19857923076923079, 0.14727923076923077, 0.21852923076923078, 0.12162923076923078]",36608.888842479995,36608.888842479995,37837.719963868076,0.0,-1228.8311213880806,-1228.8311213880806,4904.725778978879,4904.725778978879,4901.340484601655,0,1,14
-0.8,0.05,1.14,"[0.22422923076923068, 0.2555792307692307, 0.2042792307692307, 0.2755292307692307, 0.17862923076923068, 0.2356292307692307, 0.21852923076923073, 0.26412923076923067, 0.1900292307692307, 0.22422923076923068, 0.2441792307692307, 0.2099792307692307, 0.2812292307692307, 0.1672292307692307, 0.2470292307692307, 0.22422923076923068, 0.2555792307692307, 0.2042792307692307, 0.2755292307692307, 0.17862923076923068, 0.2356292307692307, 0.21852923076923073, 0.26412923076923067, 0.1900292307692307, 0.22422923076923068, 0.2441792307692307, 0.2099792307692307, 0.2812292307692307, 0.1672292307692307, 0.2470292307692307, 0.22422923076923068, 0.2555792307692307, 0.2042792307692307, 0.2755292307692307, 0.17862923076923068, 0.2356292307692307, 0.21852923076923073, 0.26412923076923067, 0.1900292307692307, 0.22422923076923068, 0.2441792307692307, 0.2099792307692307, 0.2812292307692307, 0.1672292307692307, 0.2470292307692307, 0.22422923076923068, 0.2555792307692307, 0.2042792307692307, 0.2755292307692307, 0.17862923076923068, 0.2356292307692307, 0.21852923076923073, 0.26412923076923067, 0.1900292307692307, 0.22422923076923068, 0.2441792307692307, 0.2099792307692307, 0.2812292307692307, 0.1672292307692307, 0.2470292307692307, 0.22422923076923068, 0.2555792307692307, 0.2042792307692307, 0.2755292307692307, 0.17862923076923068]",37029.00738528575,37029.00738528575,37837.719963868076,0.0,-808.7125785823227,-808.7125785823227,4883.2306929938095,4883.2306929938095,4901.340484601655,0,1,14
-0.75,0.05,1.14,"[0.28122923076923073, 0.3125792307692307, 0.26127923076923076, 0.33252923076923074, 0.23562923076923073, 0.29262923076923075, 0.27552923076923075, 0.3211292307692307, 0.24702923076923075, 0.28122923076923073, 0.3011792307692307, 0.26697923076923075, 0.3382292307692307, 0.22422923076923076, 0.3040292307692307, 0.28122923076923073, 0.3125792307692307, 0.26127923076923076, 0.33252923076923074, 0.23562923076923073, 0.29262923076923075, 0.27552923076923075, 0.3211292307692307, 0.24702923076923075, 0.28122923076923073, 0.3011792307692307, 0.26697923076923075, 0.3382292307692307, 0.22422923076923076, 0.3040292307692307, 0.28122923076923073, 0.3125792307692307, 0.26127923076923076, 0.33252923076923074, 0.23562923076923073, 0.29262923076923075, 0.27552923076923075, 0.3211292307692307, 0.24702923076923075, 0.28122923076923073, 0.3011792307692307, 0.26697923076923075, 0.3382292307692307, 0.22422923076923076, 0.3040292307692307, 0.28122923076923073, 0.3125792307692307, 0.26127923076923076, 0.33252923076923074, 0.23562923076923073, 0.29262923076923075, 0.27552923076923075, 0.3211292307692307, 0.24702923076923075, 0.28122923076923073, 0.3011792307692307, 0.26697923076923075, 0.3382292307692307, 0.22422923076923076, 0.3040292307692307, 0.28122923076923073, 0.3125792307692307, 0.26127923076923076, 0.33252923076923074, 0.23562923076923073]",37441.4662159689,37377.540475852875,37837.719963868076,63.925740116028464,-396.2537478991726,-460.17948801520106,4861.9021866989115,4898.2873518778015,4901.340484601655,1,1,14
-0.7,0.05,1.14,"[0.33822923076923084, 0.36957923076923077, 0.3182792307692308, 0.3895292307692308, 0.29262923076923075, 0.3496292307692308, 0.3325292307692308, 0.3781292307692308, 0.3040292307692308, 0.33822923076923084, 0.35817923076923075, 0.3239792307692308, 0.3952292307692308, 0.2812292307692308, 0.36102923076923077, 0.33822923076923084, 0.36957923076923077, 0.3182792307692308, 0.3895292307692308, 0.29262923076923075, 0.3496292307692308, 0.3325292307692308, 0.3781292307692308, 0.3040292307692308, 0.33822923076923084, 0.35817923076923075, 0.3239792307692308, 0.3952292307692308, 0.2812292307692308, 0.36102923076923077, 0.33822923076923084, 0.36957923076923077, 0.3182792307692308, 0.3895292307692308, 0.29262923076923075, 0.3496292307692308, 0.3325292307692308, 0.3781292307692308, 0.3040292307692308, 0.33822923076923084, 0.35817923076923075, 0.3239792307692308, 0.3952292307692308, 0.2812292307692308, 0.36102923076923077, 0.33822923076923084, 0.36957923076923077, 0.3182792307692308, 0.3895292307692308, 0.29262923076923075, 0.3496292307692308, 0.3325292307692308, 0.3781292307692308, 0.3040292307692308, 0.33822923076923084, 0.35817923076923075, 0.3239792307692308, 0.3952292307692308, 0.2812292307692308, 0.36102923076923077, 0.33822923076923084, 0.36957923076923077, 0.3182792307692308, 0.3895292307692308, 0.29262923076923075]",37846.35884473748,37292.25963097026,37781.07413218591,554.099213767222,65.2847125515691,-488.81450121565285,4840.738972903292,4888.178426975491,4901.340484601655,1,1,14
-0.65,0.05,1.14,"[0.3952292307692307, 0.4265792307692307, 0.3752792307692307, 0.44652923076923073, 0.3496292307692307, 0.40662923076923074, 0.38952923076923074, 0.4351292307692307, 0.3610292307692307, 0.3952292307692307, 0.4151792307692307, 0.38097923076923074, 0.4522292307692307, 0.33822923076923067, 0.4180292307692307, 0.3952292307692307, 0.4265792307692307, 0.3752792307692307, 0.44652923076923073, 0.3496292307692307, 0.40662923076923074, 0.38952923076923074, 0.4351292307692307, 0.3610292307692307, 0.3952292307692307, 0.4151792307692307, 0.38097923076923074, 0.4522292307692307, 0.33822923076923067, 0.4180292307692307, 0.3952292307692307, 0.4265792307692307, 0.3752792307692307, 0.44652923076923073, 0.3496292307692307, 0.40662923076923074, 0.38952923076923074, 0.4351292307692307, 0.3610292307692307, 0.3952292307692307, 0.4151792307692307, 0.38097923076923074, 0.4522292307692307, 0.33822923076923067, 0.4180292307692307, 0.3952292307692307, 0.4265792307692307, 0.3752792307692307, 0.44652923076923073, 0.3496292307692307, 0.40662923076923074, 0.38952923076923074, 0.4351292307692307, 0.3610292307692307, 0.3952292307692307, 0.4151792307692307, 0.38097923076923074, 0.4522292307692307, 0.33822923076923067, 0.4180292307692307, 0.3952292307692307, 0.4265792307692307, 0.3752792307692307, 0.44652923076923073, 0.3496292307692307]",38243.7785883246,37163.359988401935,37721.56468255368,1080.4185999226684,522.213905770921,-558.2046941517474,4819.739877288339,4878.400678445439,4901.340484601655,1,1,14
-0.6,0.05,1.14,"[0.45222923076923077, 0.48357923076923076, 0.43227923076923075, 0.5035292307692307, 0.40662923076923074, 0.4636292307692308, 0.4465292307692308, 0.49212923076923076, 0.41802923076923076, 0.45222923076923077, 0.47217923076923074, 0.4379792307692308, 0.5092292307692308, 0.3952292307692307, 0.47502923076923076, 0.45222923076923077, 0.48357923076923076, 0.43227923076923075, 0.5035292307692307, 0.40662923076923074, 0.4636292307692308, 0.4465292307692308, 0.49212923076923076, 0.41802923076923076, 0.45222923076923077, 0.47217923076923074, 0.4379792307692308, 0.5092292307692308, 0.3952292307692307, 0.47502923076923076, 0.45222923076923077, 0.48357923076923076, 0.43227923076923075, 0.5035292307692307, 0.40662923076923074, 0.4636292307692308, 0.4465292307692308, 0.49212923076923076, 0.41802923076923076, 0.45222923076923077, 0.47217923076923074, 0.4379792307692308, 0.5092292307692308, 0.3952292307692307, 0.47502923076923076, 0.45222923076923077, 0.48357923076923076, 0.43227923076923075, 0.5035292307692307, 0.40662923076923074, 0.4636292307692308, 0.4465292307692308, 0.49212923076923076, 0.41802923076923076, 0.45222923076923077, 0.47217923076923074, 0.4379792307692308, 0.5092292307692308, 0.3952292307692307, 0.47502923076923076, 0.45222923076923077, 0.48357923076923076, 0.43227923076923075, 0.5035292307692307, 0.40662923076923074]",38633.81687949588,37037.1309800521,37662.05523292145,1596.685899443779,971.7616465744286,-624.9242528693503,4798.903611016771,4868.93821118359,4901.340484601655,1,1,14
-0.5,0.05,1.14,"[0.5662292307692307, 0.5975792307692308, 0.5462792307692307, 0.6175292307692307, 0.5206292307692307, 0.5776292307692307, 0.5605292307692308, 0.6061292307692308, 0.5320292307692307, 0.5662292307692307, 0.5861792307692307, 0.5519792307692307, 0.6232292307692308, 0.5092292307692307, 0.5890292307692307, 0.5662292307692307, 0.5975792307692308, 0.5462792307692307, 0.6175292307692307, 0.5206292307692307, 0.5776292307692307, 0.5605292307692308, 0.6061292307692308, 0.5320292307692307, 0.5662292307692307, 0.5861792307692307, 0.5519792307692307, 0.6232292307692308, 0.5092292307692307, 0.5890292307692307, 0.5662292307692307, 0.5975792307692308, 0.5462792307692307, 0.6175292307692307, 0.5206292307692307, 0.5776292307692307, 0.5605292307692308, 0.6061292307692308, 0.5320292307692307, 0.5662292307692307, 0.5861792307692307, 0.5519792307692307, 0.6232292307692308, 0.5092292307692307, 0.5890292307692307, 0.5662292307692307, 0.5975792307692308, 0.5462792307692307, 0.6175292307692307, 0.5206292307692307, 0.5776292307692307, 0.5605292307692308, 0.6061292307692308, 0.5320292307692307, 0.5662292307692307, 0.5861792307692307, 0.5519792307692307, 0.6232292307692308, 0.5092292307692307, 0.5890292307692307, 0.5662292307692307, 0.5975792307692308, 0.5462792307692307, 0.6175292307692307, 0.5206292307692307]",39392.10821307386,36792.184137237185,37543.03633365698,2599.9240758366723,1849.0718794168788,-750.8521964197935,4757.714252861449,4850.900193661807,4901.340484601655,1,1,14
-0.4,0.05,1.14,"[0.6802292307692307, 0.7115792307692307, 0.6602792307692307, 0.7315292307692307, 0.6346292307692307, 0.6916292307692307, 0.6745292307692307, 0.7201292307692306, 0.6460292307692307, 0.6802292307692307, 0.7001792307692307, 0.6659792307692307, 0.7372292307692306, 0.6232292307692308, 0.7030292307692306, 0.6802292307692307, 0.7115792307692307, 0.6602792307692307, 0.7315292307692307, 0.6346292307692307, 0.6916292307692307, 0.6745292307692307, 0.7201292307692306, 0.6460292307692307, 0.6802292307692307, 0.7001792307692307, 0.6659792307692307, 0.7372292307692306, 0.6232292307692308, 0.7030292307692306, 0.6802292307692307, 0.7115792307692307, 0.6602792307692307, 0.7315292307692307, 0.6346292307692307, 0.6916292307692307, 0.6745292307692307, 0.7201292307692306, 0.6460292307692307, 0.6802292307692307, 0.7001792307692307, 0.6659792307692307, 0.7372292307692306, 0.6232292307692308, 0.7030292307692306, 0.6802292307692307, 0.7115792307692307, 0.6602792307692307, 0.7315292307692307, 0.6346292307692307, 0.6916292307692307, 0.6745292307692307, 0.7201292307692306, 0.6460292307692307, 0.6802292307692307, 0.7001792307692307, 0.6659792307692307, 0.7372292307692306, 0.6232292307692308, 0.7030292307692306, 0.6802292307692307, 0.7115792307692307, 0.6602792307692307, 0.7315292307692307, 0.6346292307692307]",40121.947664317544,36556.494596707176,37424.01743439251,3565.4530676103677,2697.930229925034,-867.5228376853338,4717.161135113867,4833.955422315446,4901.340484601655,1,1,14
-0.3,0.05,1.14,"[0.7942292307692306, 0.8255792307692307, 0.7742792307692307, 0.8455292307692307, 0.7486292307692307, 0.8056292307692307, 0.7885292307692306, 0.8341292307692306, 0.7600292307692307, 0.7942292307692306, 0.8141792307692307, 0.7799792307692307, 0.8512292307692306, 0.7372292307692306, 0.8170292307692306, 0.7942292307692306, 0.8255792307692307, 0.7742792307692307, 0.8455292307692307, 0.7486292307692307, 0.8056292307692307, 0.7885292307692306, 0.8341292307692306, 0.7600292307692307, 0.7942292307692306, 0.8141792307692307, 0.7799792307692307, 0.8512292307692306, 0.7372292307692306, 0.8170292307692306, 0.7942292307692306, 0.8255792307692307, 0.7742792307692307, 0.8455292307692307, 0.7486292307692307, 0.8056292307692307, 0.7885292307692306, 0.8341292307692306, 0.7600292307692307, 0.7942292307692306, 0.8141792307692307, 0.7799792307692307, 0.8512292307692306, 0.7372292307692306, 0.8170292307692306, 0.7942292307692306, 0.8255792307692307, 0.7742792307692307, 0.8455292307692307, 0.7486292307692307, 0.8056292307692307, 0.7885292307692306, 0.8341292307692306, 0.7600292307692307, 0.7942292307692306, 0.8141792307692307, 0.7799792307692307, 0.8512292307692306, 0.7372292307692306, 0.8170292307692306, 0.7942292307692306, 0.8255792307692307, 0.7742792307692307, 0.8455292307692307, 0.7486292307692307]",40824.03140452202,36329.244008148955,37304.99853512804,4494.787396373067,3519.032869393981,-975.7545269790862,4677.2342217850955,4818.007716354537,4901.340484601655,1,1,14
-0.2,0.05,1.14,"[0.9082292307692307, 0.9395792307692308, 0.8882792307692308, 0.9595292307692307, 0.8626292307692308, 0.9196292307692308, 0.9025292307692308, 0.9481292307692307, 0.8740292307692308, 0.9082292307692307, 0.9281792307692308, 0.8939792307692308, 0.9652292307692307, 0.8512292307692307, 0.9310292307692307, 0.9082292307692307, 0.9395792307692308, 0.8882792307692308, 0.9595292307692307, 0.8626292307692308, 0.9196292307692308, 0.9025292307692308, 0.9481292307692307, 0.8740292307692308, 0.9082292307692307, 0.9281792307692308, 0.8939792307692308, 0.9652292307692307, 0.8512292307692307, 0.9310292307692307, 0.9082292307692307, 0.9395792307692308, 0.8882792307692308, 0.9595292307692307, 0.8626292307692308, 0.9196292307692308, 0.9025292307692308, 0.9481292307692307, 0.8740292307692308, 0.9082292307692307, 0.9281792307692308, 0.8939792307692308, 0.9652292307692307, 0.8512292307692307, 0.9310292307692307, 0.9082292307692307, 0.9395792307692308, 0.8882792307692308, 0.9595292307692307, 0.8626292307692308, 0.9196292307692308, 0.9025292307692308, 0.9481292307692307, 0.8740292307692308, 0.9082292307692307, 0.9281792307692308, 0.8939792307692308, 0.9652292307692307, 0.8512292307692307, 0.9310292307692307, 0.9082292307692307, 0.9395792307692308, 0.8882792307692308, 0.9595292307692307, 0.8626292307692308]",41499.044520091644,36109.710819310625,37185.97963586357,5389.333700781019,4313.064884228072,-1076.268816552947,4637.924047691059,4802.9718842998245,4901.340484601655,1,1,14
-0.1,0.05,1.14,"[1.0222292307692307, 1.0535792307692307, 1.0022792307692308, 1.0735292307692308, 0.9766292307692308, 1.0336292307692307, 1.0165292307692306, 1.0621292307692307, 0.9880292307692308, 1.0222292307692307, 1.0421792307692308, 1.0079792307692308, 1.0792292307692306, 0.9652292307692307, 1.0450292307692306, 1.0222292307692307, 1.0535792307692307, 1.0022792307692308, 1.0735292307692308, 0.9766292307692308, 1.0336292307692307, 1.0165292307692306, 1.0621292307692307, 0.9880292307692308, 1.0222292307692307, 1.0421792307692308, 1.0079792307692308, 1.0792292307692306, 0.9652292307692307, 1.0450292307692306, 1.0222292307692307, 1.0535792307692307, 1.0022792307692308, 1.0735292307692308, 0.9766292307692308, 1.0336292307692307, 1.0165292307692306, 1.0621292307692307, 0.9880292307692308, 1.0222292307692307, 1.0421792307692308, 1.0079792307692308, 1.0792292307692306, 0.9652292307692307, 1.0450292307692306, 1.0222292307692307, 1.0535792307692307, 1.0022792307692308, 1.0735292307692308, 0.9766292307692308, 1.0336292307692307, 1.0165292307692306, 1.0621292307692307, 0.9880292307692308, 1.0222292307692307, 1.0421792307692308, 1.0079792307692308, 1.0792292307692306, 0.9652292307692307, 1.0450292307692306, 1.0222292307692307, 1.0535792307692307, 1.0022792307692308, 1.0735292307692308, 0.9766292307692308]",42147.653822047534,35897.251273180365,37066.9607365991,6250.402548867169,5080.693085448431,-1169.7094634187379,4599.220885530858,4788.772065437429,4901.340484601655,1,1,14
0.0,0.05,1.14,"[1.1362292307692305, 1.1675792307692305, 1.1162792307692306, 1.1875292307692307, 1.0906292307692307, 1.1476292307692308, 1.1305292307692307, 1.1761292307692306, 1.1020292307692308, 1.1362292307692305, 1.1561792307692307, 1.1219792307692307, 1.1932292307692307, 1.0792292307692306, 1.1590292307692307, 1.1362292307692305, 1.1675792307692305, 1.1162792307692306, 1.1875292307692307, 1.0906292307692307, 1.1476292307692308, 1.1305292307692307, 1.1761292307692306, 1.1020292307692308, 1.1362292307692305, 1.1561792307692307, 1.1219792307692307, 1.1932292307692307, 1.0792292307692306, 1.1590292307692307, 1.1362292307692305, 1.1675792307692305, 1.1162792307692306, 1.1875292307692307, 1.0906292307692307, 1.1476292307692308, 1.1305292307692307, 1.1761292307692306, 1.1020292307692308, 1.1362292307692305, 1.1561792307692307, 1.1219792307692307, 1.1932292307692307, 1.0792292307692306, 1.1590292307692307, 1.1362292307692305, 1.1675792307692305, 1.1162792307692306, 1.1875292307692307, 1.0906292307692307, 1.1476292307692308, 1.1305292307692307, 1.1761292307692306, 1.1020292307692308, 1.1362292307692305, 1.1561792307692307, 1.1219792307692307, 1.1932292307692307, 1.0792292307692306, 1.1590292307692307, 1.1362292307692305, 1.1675792307692305, 1.1162792307692306, 1.1875292307692307, 1.0906292307692307]",42770.51581366112,35691.29075964925,36947.941837334634,7079.225054011869,5822.573976326486,-1256.651077685383,4561.11555915573,4775.3406523304675,4901.340484601655,1,1,14
-1.0,0.1,1.14,"[0.0, 0.055158461538461545, 0.0, 0.09505846153846154, 0.0, 0.01525846153846154, 0.0, 0.07225846153846154, 0.0, 0.0, 0.03235846153846154, 0.0, 0.10645846153846154, 0.0, 0.03805846153846155, 0.0, 0.055158461538461545, 0.0, 0.09505846153846154, 0.0, 0.01525846153846154, 0.0, 0.07225846153846154, 0.0, 0.0, 0.03235846153846154, 0.0, 0.10645846153846154, 0.0, 0.03805846153846155, 0.0, 0.055158461538461545, 0.0, 0.09505846153846154, 0.0, 0.01525846153846154, 0.0, 0.07225846153846154, 0.0, 0.0, 0.03235846153846154, 0.0, 0.10645846153846154, 0.0, 0.03805846153846155, 0.0, 0.055158461538461545, 0.0, 0.09505846153846154, 0.0, 0.01525846153846154, 0.0, 0.07225846153846154, 0.0, 0.0, 0.03235846153846154, 0.0, 0.10645846153846154, 0.0, 0.03805846153846155, 0.0, 0.055158461538461545, 0.0, 0.09505846153846154, 0.0]",35484.27551526577,35484.27551526577,37837.719963868076,0.0,-2353.444448602306,-2353.444448602306,4954.033667388662,4954.033667388662,4901.340484601655,0,1,14
-0.95,0.1,1.14,"[0.04945846153846159, 0.11215846153846158, 0.009558461538461595, 0.1520584615384616, 0.0, 0.07225846153846158, 0.03805846153846158, 0.12925846153846157, 0.0, 0.04945846153846159, 0.08935846153846158, 0.02095846153846159, 0.16345846153846158, 0.0, 0.0950584615384616, 0.04945846153846159, 0.11215846153846158, 0.009558461538461595, 0.1520584615384616, 0.0, 0.07225846153846158, 0.03805846153846158, 0.12925846153846157, 0.0, 0.04945846153846159, 0.08935846153846158, 0.02095846153846159, 0.16345846153846158, 0.0, 0.0950584615384616, 0.04945846153846159, 0.11215846153846158, 0.009558461538461595, 0.1520584615384616, 0.0, 0.07225846153846158, 0.03805846153846158, 0.12925846153846157, 0.0, 0.04945846153846159, 0.08935846153846158, 0.02095846153846159, 0.16345846153846158, 0.0, 0.0950584615384616, 0.04945846153846159, 0.11215846153846158, 0.009558461538461595, 0.1520584615384616, 0.0, 0.07225846153846158, 0.03805846153846158, 0.12925846153846157, 0.0, 0.04945846153846159, 0.08935846153846158, 0.02095846153846159, 0.16345846153846158, 0.0, 0.0950584615384616, 0.04945846153846159, 0.11215846153846158, 0.009558461538461595, 0.1520584615384616, 0.0]",35790.78766366617,35790.78766366617,37837.719963868076,0.0,-2046.9323002019082,-2046.9323002019082,4942.58989299843,4942.58989299843,4901.340484601655,0,1,14
-0.9,0.1,1.14,"[0.1064584615384615, 0.1691584615384615, 0.06655846153846151, 0.2090584615384615, 0.015258461538461504, 0.1292584615384615, 0.09505846153846151, 0.18625846153846148, 0.038058461538461506, 0.1064584615384615, 0.14635846153846152, 0.0779584615384615, 0.22045846153846152, 0.0, 0.15205846153846153, 0.1064584615384615, 0.1691584615384615, 0.06655846153846151, 0.2090584615384615, 0.015258461538461504, 0.1292584615384615, 0.09505846153846151, 0.18625846153846148, 0.038058461538461506, 0.1064584615384615, 0.14635846153846152, 0.0779584615384615, 0.22045846153846152, 0.0, 0.15205846153846153, 0.1064584615384615, 0.1691584615384615, 0.06655846153846151, 0.2090584615384615, 0.015258461538461504, 0.1292584615384615, 0.09505846153846151, 0.18625846153846148, 0.038058461538461506, 0.1064584615384615, 0.14635846153846152, 0.0779584615384615, 0.22045846153846152, 0.0, 0.15205846153846153, 0.1064584615384615, 0.1691584615384615, 0.06655846153846151, 0.2090584615384615, 0.015258461538461504, 0.1292584615384615, 0.09505846153846151, 0.18625846153846148, 0.038058461538461506, 0.1064584615384615, 0.14635846153846152, 0.0779584615384615, 0.22045846153846152, 0.0, 0.15205846153846153, 0.1064584615384615, 0.1691584615384615, 0.06655846153846151, 0.2090584615384615, 0.015258461538461504]",36174.600668071515,36174.600668071515,37837.719963868076,0.0,-1663.1192957965613,-1663.1192957965613,4925.447805488786,4925.447805488786,4901.340484601655,0,1,14
-0.85,0.1,1.14,"[0.16345846153846155, 0.22615846153846156, 0.12355846153846156, 0.2660584615384615, 0.07225846153846155, 0.18625846153846154, 0.15205846153846156, 0.24325846153846153, 0.09505846153846155, 0.16345846153846155, 0.20335846153846157, 0.13495846153846155, 0.27745846153846154, 0.04945846153846155, 0.20905846153846155, 0.16345846153846155, 0.22615846153846156, 0.12355846153846156, 0.2660584615384615, 0.07225846153846155, 0.18625846153846154, 0.15205846153846156, 0.24325846153846153, 0.09505846153846155, 0.16345846153846155, 0.20335846153846157, 0.13495846153846155, 0.27745846153846154, 0.04945846153846155, 0.20905846153846155, 0.16345846153846155, 0.22615846153846156, 0.12355846153846156, 0.2660584615384615, 0.07225846153846155, 0.18625846153846154, 0.15205846153846156, 0.24325846153846153, 0.09505846153846155, 0.16345846153846155, 0.20335846153846157, 0.13495846153846155, 0.27745846153846154, 0.04945846153846155, 0.20905846153846155, 0.16345846153846155, 0.22615846153846156, 0.12355846153846156, 0.2660584615384615, 0.07225846153846155, 0.18625846153846154, 0.15205846153846156, 0.24325846153846153, 0.09505846153846155, 0.16345846153846155, 0.20335846153846157, 0.13495846153846155, 0.27745846153846154, 0.04945846153846155, 0.20905846153846155, 0.16345846153846155, 0.22615846153846156, 0.12355846153846156, 0.2660584615384615, 0.07225846153846155]",36604.41585649246,36604.41585649246,37837.719963868076,0.0,-1233.3041073756176,-1233.3041073756176,4904.850346970316,4904.850346970316,4901.340484601655,0,1,14
-0.8,0.1,1.14,"[0.2204584615384615, 0.28315846153846147, 0.18055846153846147, 0.32305846153846146, 0.12925846153846146, 0.24325846153846148, 0.20905846153846147, 0.3002584615384615, 0.15205846153846145, 0.2204584615384615, 0.2603584615384615, 0.1919584615384615, 0.3344584615384615, 0.10645846153846146, 0.26605846153846147, 0.2204584615384615, 0.28315846153846147, 0.18055846153846147, 0.32305846153846146, 0.12925846153846146, 0.24325846153846148, 0.20905846153846147, 0.3002584615384615, 0.15205846153846145, 0.2204584615384615, 0.2603584615384615, 0.1919584615384615, 0.3344584615384615, 0.10645846153846146, 0.26605846153846147, 0.2204584615384615, 0.28315846153846147, 0.18055846153846147, 0.32305846153846146, 0.12925846153846146, 0.24325846153846148, 0.20905846153846147, 0.3002584615384615, 0.15205846153846145, 0.2204584615384615, 0.2603584615384615, 0.1919584615384615, 0.3344584615384615, 0.10645846153846146, 0.26605846153846147, 0.2204584615384615, 0.28315846153846147, 0.18055846153846147, 0.32305846153846146, 0.12925846153846146, 0.24325846153846148, 0.20905846153846147, 0.3002584615384615, 0.15205846153846145, 0.2204584615384615, 0.2603584615384615, 0.1919584615384615, 0.3344584615384615, 0.10645846153846146, 0.26605846153846147, 0.2204584615384615, 0.28315846153846147, 0.18055846153846147, 0.32305846153846146, 0.12925846153846146]",37024.59174102029,37024.59174102029,37837.719963868076,0.0,-813.1282228477867,-813.1282228477867,4883.354231920828,4883.354231920828,4901.340484601655,0,1,14
-0.75,0.1,1.14,"[0.27745846153846154, 0.3401584615384615, 0.23755846153846152, 0.3800584615384615, 0.1862584615384615, 0.30025846153846153, 0.2660584615384615, 0.35725846153846147, 0.2090584615384615, 0.27745846153846154, 0.31735846153846153, 0.24895846153846155, 0.39145846153846153, 0.16345846153846152, 0.3230584615384615, 0.27745846153846154, 0.3401584615384615, 0.23755846153846152, 0.3800584615384615, 0.1862584615384615, 0.30025846153846153, 0.2660584615384615, 0.35725846153846147, 0.2090584615384615, 0.27745846153846154, 0.31735846153846153, 0.24895846153846155, 0.39145846153846153, 0.16345846153846152, 0.3230584615384615, 0.27745846153846154, 0.3401584615384615, 0.23755846153846152, 0.3800584615384615, 0.1862584615384615, 0.30025846153846153, 0.2660584615384615, 0.35725846153846147, 0.2090584615384615, 0.27745846153846154, 0.31735846153846153, 0.24895846153846155, 0.39145846153846153, 0.16345846153846152, 0.3230584615384615, 0.27745846153846154, 0.3401584615384615, 0.23755846153846152, 0.3800584615384615, 0.1862584615384615, 0.30025846153846153, 0.2660584615384615, 0.35725846153846147, 0.2090584615384615, 0.27745846153846154, 0.31735846153846153, 0.24895846153846155, 0.39145846153846153, 0.16345846153846152, 0.3230584615384615, 0.27745846153846154, 0.3401584615384615, 0.23755846153846152, 0.3800584615384615, 0.1862584615384615]",37437.10778935979,37271.16577987659,37837.719963868076,165.94200948320213,-400.61217450828553,-566.5541839914877,4862.024776083379,4898.491830676887,4901.340484601655,1,1,14
-0.7,0.1,1.14,"[0.33445846153846154, 0.39715846153846157, 0.29455846153846155, 0.43705846153846156, 0.24325846153846156, 0.3572584615384616, 0.32305846153846157, 0.4142584615384615, 0.2660584615384615, 0.33445846153846154, 0.3743584615384616, 0.30595846153846157, 0.4484584615384616, 0.22045846153846158, 0.38005846153846157, 0.33445846153846154, 0.39715846153846157, 0.29455846153846155, 0.43705846153846156, 0.24325846153846156, 0.3572584615384616, 0.32305846153846157, 0.4142584615384615, 0.2660584615384615, 0.33445846153846154, 0.3743584615384616, 0.30595846153846157, 0.4484584615384616, 0.22045846153846158, 0.38005846153846157, 0.33445846153846154, 0.39715846153846157, 0.29455846153846155, 0.43705846153846156, 0.24325846153846156, 0.3572584615384616, 0.32305846153846157, 0.4142584615384615, 0.2660584615384615, 0.33445846153846154, 0.3743584615384616, 0.30595846153846157, 0.4484584615384616, 0.22045846153846158, 0.38005846153846157, 0.33445846153846154, 0.39715846153846157, 0.29455846153846155, 0.43705846153846156, 0.24325846153846156, 0.3572584615384616, 0.32305846153846157, 0.4142584615384615, 0.2660584615384615, 0.33445846153846154, 0.3743584615384616, 0.30595846153846157, 0.4484584615384616, 0.22045846153846158, 0.38005846153846157, 0.33445846153846154, 0.39715846153846157, 0.29455846153846155, 0.43705846153846156, 0.24325846153846156]",37842.05732629479,37311.613102660056,37832.61847086737,530.4442236347313,9.438855427419185,-521.0053682073121,4840.860661340806,4888.373418058441,4901.340484601655,1,1,14
-0.65,0.1,1.14,"[0.3914584615384615, 0.4541584615384615, 0.3515584615384615, 0.4940584615384615, 0.3002584615384615, 0.41425846153846146, 0.3800584615384615, 0.47125846153846146, 0.32305846153846146, 0.3914584615384615, 0.43135846153846147, 0.3629584615384615, 0.5054584615384615, 0.2774584615384615, 0.4370584615384615, 0.3914584615384615, 0.4541584615384615, 0.3515584615384615, 0.4940584615384615, 0.3002584615384615, 0.41425846153846146, 0.3800584615384615, 0.47125846153846146, 0.32305846153846146, 0.3914584615384615, 0.43135846153846147, 0.3629584615384615, 0.5054584615384615, 0.2774584615384615, 0.4370584615384615, 0.3914584615384615, 0.4541584615384615, 0.3515584615384615, 0.4940584615384615, 0.3002584615384615, 0.41425846153846146, 0.3800584615384615, 0.47125846153846146, 0.32305846153846146, 0.3914584615384615, 0.43135846153846147, 0.3629584615384615, 0.5054584615384615, 0.2774584615384615, 0.4370584615384615, 0.3914584615384615, 0.4541584615384615, 0.3515584615384615, 0.4940584615384615, 0.3002584615384615, 0.41425846153846146, 0.3800584615384615, 0.47125846153846146, 0.32305846153846146, 0.3914584615384615, 0.43135846153846147, 0.3629584615384615, 0.5054584615384615, 0.2774584615384615, 0.4370584615384615, 0.3914584615384615, 0.4541584615384615, 0.3515584615384615, 0.4940584615384615, 0.3002584615384615]",38239.53303360122,37215.712203088675,37773.109021235134,1023.8208305125445,466.42401236608566,-557.3968181464588,4819.860627694596,4878.586768724728,4901.340484601655,1,1,14
-0.6,0.1,1.14,"[0.44845846153846153, 0.5111584615384616, 0.40855846153846154, 0.5510584615384615, 0.35725846153846147, 0.4712584615384615, 0.43705846153846156, 0.5282584615384615, 0.3800584615384615, 0.44845846153846153, 0.4883584615384615, 0.41995846153846156, 0.5624584615384616, 0.33445846153846154, 0.49405846153846156, 0.44845846153846153, 0.5111584615384616, 0.40855846153846154, 0.5510584615384615, 0.35725846153846147, 0.4712584615384615, 0.43705846153846156, 0.5282584615384615, 0.3800584615384615, 0.44845846153846153, 0.4883584615384615, 0.41995846153846156, 0.5624584615384616, 0.33445846153846154, 0.49405846153846156, 0.44845846153846153, 0.5111584615384616, 0.40855846153846154, 0.5510584615384615, 0.35725846153846147, 0.4712584615384615, 0.43705846153846156, 0.5282584615384615, 0.3800584615384615, 0.44845846153846153, 0.4883584615384615, 0.41995846153846156, 0.5624584615384616, 0.33445846153846154, 0.49405846153846156, 0.44845846153846153, 0.5111584615384616, 0.40855846153846154, 0.5510584615384615, 0.35725846153846147, 0.4712584615384615, 0.43705846153846156, 0.5282584615384615, 0.3800584615384615, 0.44845846153846153, 0.4883584615384615, 0.41995846153846156, 0.5624584615384616, 0.33445846153846154, 0.49405846153846156, 0.44845846153846153, 0.5111584615384616, 0.40855846153846154, 0.5510584615384615, 0.35725846153846147]",38629.62615674655,37089.06569031121,37713.59957160291,1540.5604664353377,916.0265851436416,-624.5338812916962,4799.023363737746,4869.115945522347,4901.340484601655,1,1,14
-0.5,0.1,1.14,"[0.5624584615384615, 0.6251584615384614, 0.5225584615384615, 0.6650584615384615, 0.47125846153846146, 0.5852584615384615, 0.5510584615384615, 0.6422584615384614, 0.4940584615384615, 0.5624584615384615, 0.6023584615384614, 0.5339584615384615, 0.6764584615384615, 0.44845846153846153, 0.6080584615384614, 0.5624584615384615, 0.6251584615384614, 0.5225584615384615, 0.6650584615384615, 0.47125846153846146, 0.5852584615384615, 0.5510584615384615, 0.6422584615384614, 0.4940584615384615, 0.5624584615384615, 0.6023584615384614, 0.5339584615384615, 0.6764584615384615, 0.44845846153846153, 0.6080584615384614, 0.5624584615384615, 0.6251584615384614, 0.5225584615384615, 0.6650584615384615, 0.47125846153846146, 0.5852584615384615, 0.5510584615384615, 0.6422584615384614, 0.4940584615384615, 0.5624584615384615, 0.6023584615384614, 0.5339584615384615, 0.6764584615384615, 0.44845846153846153, 0.6080584615384614, 0.5624584615384615, 0.6251584615384614, 0.5225584615384615, 0.6650584615384615, 0.47125846153846146, 0.5852584615384615, 0.5510584615384615, 0.6422584615384614, 0.4940584615384615, 0.5624584615384615, 0.6023584615384614, 0.5339584615384615, 0.6764584615384615, 0.44845846153846153, 0.6080584615384614, 0.5624584615384615, 0.6251584615384614, 0.5225584615384615, 0.6650584615384615, 0.47125846153846146]",39388.026777195446,36843.34489657347,37594.58067233844,2544.6818806219744,1793.4461048570083,-751.2357757649661,4757.832211348342,4851.062617567638,4901.340484601655,1,1,14
-0.4,0.1,1.14,"[0.6764584615384615, 0.7391584615384614, 0.6365584615384615, 0.7790584615384615, 0.5852584615384614, 0.6992584615384615, 0.6650584615384615, 0.7562584615384614, 0.6080584615384614, 0.6764584615384615, 0.7163584615384614, 0.6479584615384615, 0.7904584615384614, 0.5624584615384615, 0.7220584615384614, 0.6764584615384615, 0.7391584615384614, 0.6365584615384615, 0.7790584615384615, 0.5852584615384614, 0.6992584615384615, 0.6650584615384615, 0.7562584615384614, 0.6080584615384614, 0.6764584615384615, 0.7163584615384614, 0.6479584615384615, 0.7904584615384614, 0.5624584615384615, 0.7220584615384614, 0.6764584615384615, 0.7391584615384614, 0.6365584615384615, 0.7790584615384615, 0.5852584615384614, 0.6992584615384615, 0.6650584615384615, 0.7562584615384614, 0.6080584615384614, 0.6764584615384615, 0.7163584615384614, 0.6479584615384615, 0.7904584615384614, 0.5624584615384615, 0.7220584615384614, 0.6764584615384615, 0.7391584615384614, 0.6365584615384615, 0.7790584615384615, 0.5852584615384614, 0.6992584615384615, 0.6650584615384615, 0.7562584615384614, 0.6080584615384614, 0.6764584615384615, 0.7163584615384614, 0.6479584615384615, 0.7904584615384614, 0.5624584615384615, 0.7220584615384614, 0.6764584615384615, 0.7391584615384614, 0.6365584615384615, 0.7790584615384615, 0.5852584615384614]",40117.97222396576,36606.954237007056,37475.56177307397,3511.017986958701,2642.410450891788,-868.6075360669129,4717.277217667975,4834.104317081375,4901.340484601655,1,1,14
-0.3,0.1,1.14,"[0.7904584615384614, 0.8531584615384614, 0.7505584615384614, 0.8930584615384615, 0.6992584615384614, 0.8132584615384615, 0.7790584615384615, 0.8702584615384614, 0.7220584615384614, 0.7904584615384614, 0.8303584615384614, 0.7619584615384615, 0.9044584615384614, 0.6764584615384613, 0.8360584615384614, 0.7904584615384614, 0.8531584615384614, 0.7505584615384614, 0.8930584615384615, 0.6992584615384614, 0.8132584615384615, 0.7790584615384615, 0.8702584615384614, 0.7220584615384614, 0.7904584615384614, 0.8303584615384614, 0.7619584615384615, 0.9044584615384614, 0.6764584615384613, 0.8360584615384614, 0.7904584615384614, 0.8531584615384614, 0.7505584615384614, 0.8930584615384615, 0.6992584615384614, 0.8132584615384615, 0.7790584615384615, 0.8702584615384614, 0.7220584615384614, 0.7904584615384614, 0.8303584615384614, 0.7619584615384615, 0.9044584615384614, 0.6764584615384613, 0.8360584615384614, 0.7904584615384614, 0.8531584615384614, 0.7505584615384614, 0.8930584615384615, 0.6992584615384614, 0.8132584615384615, 0.7790584615384615, 0.8702584615384614, 0.7220584615384614, 0.7904584615384614, 0.8303584615384614, 0.7619584615384615, 0.9044584615384614, 0.6764584615384613, 0.8360584615384614, 0.7904584615384614, 0.8531584615384614, 0.7505584615384614, 0.8930584615384615, 0.6992584615384614]",40820.160600769166,36379.06693038088,37356.5428738095,4441.0936703882835,3463.6177269596665,-977.475943428617,4677.3485646504905,4818.1445906853405,4901.340484601655,1,1,14
-0.2,0.1,1.14,"[0.9044584615384615, 0.9671584615384615, 0.8645584615384615, 1.0070584615384615, 0.8132584615384615, 0.9272584615384616, 0.8930584615384616, 0.9842584615384615, 0.8360584615384615, 0.9044584615384615, 0.9443584615384615, 0.8759584615384616, 1.0184584615384615, 0.7904584615384614, 0.9500584615384615, 0.9044584615384615, 0.9671584615384615, 0.8645584615384615, 1.0070584615384615, 0.8132584615384615, 0.9272584615384616, 0.8930584615384616, 0.9842584615384615, 0.8360584615384615, 0.9044584615384615, 0.9443584615384615, 0.8759584615384616, 1.0184584615384615, 0.7904584615384614, 0.9500584615384615, 0.9044584615384615, 0.9671584615384615, 0.8645584615384615, 1.0070584615384615, 0.8132584615384615, 0.9272584615384616, 0.8930584615384616, 0.9842584615384615, 0.8360584615384615, 0.9044584615384615, 0.9443584615384615, 0.8759584615384616, 1.0184584615384615, 0.7904584615384614, 0.9500584615384615, 0.9044584615384615, 0.9671584615384615, 0.8645584615384615, 1.0070584615384615, 0.8132584615384615, 0.9272584615384616, 0.8930584615384616, 0.9842584615384615, 0.8360584615384615, 0.9044584615384615, 0.9443584615384615, 0.8759584615384616, 1.0184584615384615, 0.7904584615384614, 0.9500584615384615, 0.9044584615384615, 0.9671584615384615, 0.8645584615384615, 1.0070584615384615, 0.8132584615384615]",41495.27510258767,36158.9526109358,37237.52397454503,5336.322491651874,4257.751128042641,-1078.5713636092332,4638.036572561132,4803.098017966734,4901.340484601655,1,1,14
-0.1,0.1,1.14,"[1.0184584615384615, 1.0811584615384615, 0.9785584615384615, 1.1210584615384616, 0.9272584615384615, 1.0412584615384615, 1.0070584615384615, 1.0982584615384614, 0.9500584615384615, 1.0184584615384615, 1.0583584615384614, 0.9899584615384615, 1.1324584615384614, 0.9044584615384614, 1.0640584615384614, 1.0184584615384615, 1.0811584615384615, 0.9785584615384615, 1.1210584615384616, 0.9272584615384615, 1.0412584615384615, 1.0070584615384615, 1.0982584615384614, 0.9500584615384615, 1.0184584615384615, 1.0583584615384614, 0.9899584615384615, 1.1324584615384614, 0.9044584615384614, 1.0640584615384614, 1.0184584615384615, 1.0811584615384615, 0.9785584615384615, 1.1210584615384616, 0.9272584615384615, 1.0412584615384615, 1.0070584615384615, 1.0982584615384614, 0.9500584615384615, 1.0184584615384615, 1.0583584615384614, 0.9899584615384615, 1.1324584615384614, 0.9044584615384614, 1.0640584615384614, 1.0184584615384615, 1.0811584615384615, 0.9785584615384615, 1.1210584615384616, 0.9272584615384615, 1.0412584615384615, 1.0070584615384615, 1.0982584615384614, 0.9500584615384615, 1.0184584615384615, 1.0583584615384614, 0.9899584615384615, 1.1324584615384614, 0.9044584615384614, 1.0640584615384614, 1.0184584615384615, 1.0811584615384615, 0.9785584615384615, 1.1210584615384616, 0.9272584615384615]",42143.984572552705,35945.96343861971,37118.50507528056,6198.021133932998,5025.479497272143,-1172.5416366608551,4599.331723599493,4788.888595724458,4901.340484601655,1,1,14
0.0,0.1,1.14,"[1.1324584615384614, 1.1951584615384616, 1.0925584615384614, 1.2350584615384614, 1.0412584615384615, 1.1552584615384613, 1.1210584615384616, 1.2122584615384615, 1.0640584615384614, 1.1324584615384614, 1.1723584615384615, 1.1039584615384614, 1.2464584615384615, 1.0184584615384613, 1.1780584615384615, 1.1324584615384614, 1.1951584615384616, 1.0925584615384614, 1.2350584615384614, 1.0412584615384615, 1.1552584615384613, 1.1210584615384616, 1.2122584615384615, 1.0640584615384614, 1.1324584615384614, 1.1723584615384615, 1.1039584615384614, 1.2464584615384615, 1.0184584615384613, 1.1780584615384615, 1.1324584615384614, 1.1951584615384616, 1.0925584615384614, 1.2350584615384614, 1.0412584615384615, 1.1552584615384613, 1.1210584615384616, 1.2122584615384615, 1.0640584615384614, 1.1324584615384614, 1.1723584615384615, 1.1039584615384614, 1.2464584615384615, 1.0184584615384613, 1.1780584615384615, 1.1324584615384614, 1.1951584615384616, 1.0925584615384614, 1.2350584615384614, 1.0412584615384615, 1.1552584615384613, 1.1210584615384616, 1.2122584615384615, 1.0640584615384614, 1.1324584615384614, 1.1723584615384615, 1.1039584615384614, 1.2464584615384615, 1.0184584615384613, 1.1780584615384615, 1.1324584615384614, 1.1951584615384616, 1.0925584615384614, 1.2350584615384614, 1.0412584615384615]",42766.94352481216,35739.517609640054,36999.48617601609,7027.425915172105,5767.457348796066,-1259.9685663760392,4561.224635377237,4775.448520735439,4901.340484601655,1,1,14
-1.0,0.15,1.14,"[0.0, 0.0827376923076923, 0.0, 0.1425876923076923, 0.0, 0.022887692307692307, 0.0, 0.1083876923076923, 0.0, 0.0, 0.0485376923076923, 0.0, 0.15968769230769228, 0.0, 0.057087692307692305, 0.0, 0.0827376923076923, 0.0, 0.1425876923076923, 0.0, 0.022887692307692307, 0.0, 0.1083876923076923, 0.0, 0.0, 0.0485376923076923, 0.0, 0.15968769230769228, 0.0, 0.057087692307692305, 0.0, 0.0827376923076923, 0.0, 0.1425876923076923, 0.0, 0.022887692307692307, 0.0, 0.1083876923076923, 0.0, 0.0, 0.0485376923076923, 0.0, 0.15968769230769228, 0.0, 0.057087692307692305, 0.0, 0.0827376923076923, 0.0, 0.1425876923076923, 0.0, 0.022887692307692307, 0.0, 0.1083876923076923, 0.0, 0.0, 0.0485376923076923, 0.0, 0.15968769230769228, 0.0, 0.057087692307692305, 0.0, 0.0827376923076923, 0.0, 0.1425876923076923, 0.0]",35590.91165792128,35590.91165792128,37837.719963868076,0.0,-2246.808305946797,-2246.808305946797,4948.914507906316,4948.914507906316,4901.340484601655,0,1,14
-0.95,0.15,1.14,"[0.04568769230769235, 0.13973769230769234, 0.0, 0.19958769230769235, 0.0, 0.07988769230769235, 0.028587692307692356, 0.16538769230769232, 0.0, 0.04568769230769235, 0.10553769230769233, 0.0029376923076923672, 0.21668769230769233, 0.0, 0.11408769230769235, 0.04568769230769235, 0.13973769230769234, 0.0, 0.19958769230769235, 0.0, 0.07988769230769235, 0.028587692307692356, 0.16538769230769232, 0.0, 0.04568769230769235, 0.10553769230769233, 0.0029376923076923672, 0.21668769230769233, 0.0, 0.11408769230769235, 0.04568769230769235, 0.13973769230769234, 0.0, 0.19958769230769235, 0.0, 0.07988769230769235, 0.028587692307692356, 0.16538769230769232, 0.0, 0.04568769230769235, 0.10553769230769233, 0.0029376923076923672, 0.21668769230769233, 0.0, 0.11408769230769235, 0.04568769230769235, 0.13973769230769234, 0.0, 0.19958769230769235, 0.0, 0.07988769230769235, 0.028587692307692356, 0.16538769230769232, 0.0, 0.04568769230769235, 0.10553769230769233, 0.0029376923076923672, 0.21668769230769233, 0.0, 0.11408769230769235, 0.04568769230769235, 0.13973769230769234, 0.0, 0.19958769230769235, 0.0]",35866.80188745871,35866.80188745871,37837.719963868076,0.0,-1970.918076409369,-1970.918076409369,4937.746786463235,4937.746786463235,4901.340484601655,0,1,14
-0.9,0.15,1.14,"[0.10268769230769227, 0.19673769230769228, 0.04283769230769229, 0.2565876923076923, 0.0, 0.13688769230769227, 0.08558769230769228, 0.22238769230769223, 8.769230769230168e-05, 0.10268769230769227, 0.16253769230769224, 0.05993769230769229, 0.27368769230769224, 0.0, 0.17108769230769227, 0.10268769230769227, 0.19673769230769228, 0.04283769230769229, 0.2565876923076923, 0.0, 0.13688769230769227, 0.08558769230769228, 0.22238769230769223, 8.769230769230168e-05, 0.10268769230769227, 0.16253769230769224, 0.05993769230769229, 0.27368769230769224, 0.0, 0.17108769230769227, 0.10268769230769227, 0.19673769230769228, 0.04283769230769229, 0.2565876923076923, 0.0, 0.13688769230769227, 0.08558769230769228, 0.22238769230769223, 8.769230769230168e-05, 0.10268769230769227, 0.16253769230769224, 0.05993769230769229, 0.27368769230769224, 0.0, 0.17108769230769227, 0.10268769230769227, 0.19673769230769228, 0.04283769230769229, 0.2565876923076923, 0.0, 0.13688769230769227, 0.08558769230769228, 0.22238769230769223, 8.769230769230168e-05, 0.10268769230769227, 0.16253769230769224, 0.05993769230769229, 0.27368769230769224, 0.0, 0.17108769230769227, 0.10268769230769227, 0.19673769230769228, 0.04283769230769229, 0.2565876923076923, 0.0]",36210.87030272829,36210.87030272829,37837.719963868076,0.0,-1626.849661139786,-1626.849661139786,4922.100459816866,4922.100459816866,4901.340484601655,0,1,14
-0.85,0.15,1.14,"[0.1596876923076923, 0.25373769230769233, 0.09983769230769234, 0.3135876923076923, 0.022887692307692335, 0.19388769230769232, 0.1425876923076923, 0.2793876923076923, 0.057087692307692346, 0.1596876923076923, 0.2195376923076923, 0.11693769230769233, 0.33068769230769235, 0.0, 0.2280876923076923, 0.1596876923076923, 0.25373769230769233, 0.09983769230769234, 0.3135876923076923, 0.022887692307692335, 0.19388769230769232, 0.1425876923076923, 0.2793876923076923, 0.057087692307692346, 0.1596876923076923, 0.2195376923076923, 0.11693769230769233, 0.33068769230769235, 0.0, 0.2280876923076923, 0.1596876923076923, 0.25373769230769233, 0.09983769230769234, 0.3135876923076923, 0.022887692307692335, 0.19388769230769232, 0.1425876923076923, 0.2793876923076923, 0.057087692307692346, 0.1596876923076923, 0.2195376923076923, 0.11693769230769233, 0.33068769230769235, 0.0, 0.2280876923076923, 0.1596876923076923, 0.25373769230769233, 0.09983769230769234, 0.3135876923076923, 0.022887692307692335, 0.19388769230769232, 0.1425876923076923, 0.2793876923076923, 0.057087692307692346, 0.1596876923076923, 0.2195376923076923, 0.11693769230769233, 0.33068769230769235, 0.0, 0.2280876923076923, 0.1596876923076923, 0.25373769230769233, 0.09983769230769234, 0.3135876923076923, 0.022887692307692335]",36598.66672988252,36598.66672988252,37837.719963868076,0.0,-1239.0532339855563,-1239.0532339855563,4904.10143549364,4904.10143549364,4901.340484601655,0,1,14
-0.8,0.15,1.14,"[0.21668769230769225, 0.31073769230769227, 0.15683769230769226, 0.37058769230769223, 0.07988769230769226, 0.25088769230769226, 0.19958769230769222, 0.3363876923076922, 0.11408769230769226, 0.21668769230769225, 0.2765376923076922, 0.17393769230769227, 0.38768769230769223, 0.04568769230769226, 0.2850876923076922, 0.21668769230769225, 0.31073769230769227, 0.15683769230769226, 0.37058769230769223, 0.07988769230769226, 0.25088769230769226, 0.19958769230769222, 0.3363876923076922, 0.11408769230769226, 0.21668769230769225, 0.2765376923076922, 0.17393769230769227, 0.38768769230769223, 0.04568769230769226, 0.2850876923076922, 0.21668769230769225, 0.31073769230769227, 0.15683769230769226, 0.37058769230769223, 0.07988769230769226, 0.25088769230769226, 0.19958769230769222, 0.3363876923076922, 0.11408769230769226, 0.21668769230769225, 0.2765376923076922, 0.17393769230769227, 0.38768769230769223, 0.04568769230769226, 0.2850876923076922, 0.21668769230769225, 0.31073769230769227, 0.15683769230769226, 0.37058769230769223, 0.07988769230769226, 0.25088769230769226, 0.19958769230769222, 0.3363876923076922, 0.11408769230769226, 0.21668769230769225, 0.2765376923076922, 0.17393769230769227, 0.38768769230769223, 0.04568769230769226, 0.2850876923076922, 0.21668769230769225, 0.31073769230769227, 0.15683769230769226, 0.37058769230769223, 0.07988769230769226]",37017.58675262752,36978.8629129945,37837.719963868076,38.72383963302127,-820.133211240558,-858.8570508735793,4883.534351529616,4909.29970095256,4901.340484601655,1,1,14
-0.75,0.15,1.14,"[0.2736876923076923, 0.3677376923076923, 0.2138376923076923, 0.4275876923076923, 0.1368876923076923, 0.3078876923076923, 0.2565876923076923, 0.39338769230769227, 0.17108769230769233, 0.2736876923076923, 0.33353769230769226, 0.23093769230769232, 0.4446876923076923, 0.1026876923076923, 0.34208769230769226, 0.2736876923076923, 0.3677376923076923, 0.2138376923076923, 0.4275876923076923, 0.1368876923076923, 0.3078876923076923, 0.2565876923076923, 0.39338769230769227, 0.17108769230769233, 0.2736876923076923, 0.33353769230769226, 0.23093769230769232, 0.4446876923076923, 0.1026876923076923, 0.34208769230769226, 0.2736876923076923, 0.3677376923076923, 0.2138376923076923, 0.4275876923076923, 0.1368876923076923, 0.3078876923076923, 0.2565876923076923, 0.39338769230769227, 0.17108769230769233, 0.2736876923076923, 0.33353769230769226, 0.23093769230769232, 0.4446876923076923, 0.1026876923076923, 0.34208769230769226, 0.2736876923076923, 0.3677376923076923, 0.2138376923076923, 0.4275876923076923, 0.1368876923076923, 0.3078876923076923, 0.2565876923076923, 0.39338769230769227, 0.17108769230769233, 0.2736876923076923, 0.33353769230769226, 0.23093769230769232, 0.4446876923076923, 0.1026876923076923, 0.34208769230769226, 0.2736876923076923, 0.3677376923076923, 0.2138376923076923, 0.4275876923076923, 0.1368876923076923]",37430.191449038604,37147.33462313477,37837.719963868076,282.8568259038366,-407.52851482947153,-690.3853407333081,4862.203484006505,4898.815906506008,4901.340484601655,1,1,14
-0.7,0.15,1.14,"[0.33068769230769235, 0.4247376923076923, 0.27083769230769233, 0.48458769230769233, 0.19388769230769234, 0.36488769230769236, 0.3135876923076923, 0.4503876923076923, 0.22808769230769238, 0.33068769230769235, 0.3905376923076923, 0.28793769230769234, 0.5016876923076924, 0.15968769230769236, 0.3990876923076923, 0.33068769230769235, 0.4247376923076923, 0.27083769230769233, 0.48458769230769233, 0.19388769230769234, 0.36488769230769236, 0.3135876923076923, 0.4503876923076923, 0.22808769230769238, 0.33068769230769235, 0.3905376923076923, 0.28793769230769234, 0.5016876923076924, 0.15968769230769236, 0.3990876923076923, 0.33068769230769235, 0.4247376923076923, 0.27083769230769233, 0.48458769230769233, 0.19388769230769234, 0.36488769230769236, 0.3135876923076923, 0.4503876923076923, 0.22808769230769238, 0.33068769230769235, 0.3905376923076923, 0.28793769230769234, 0.5016876923076924, 0.15968769230769236, 0.3990876923076923, 0.33068769230769235, 0.4247376923076923, 0.27083769230769233, 0.48458769230769233, 0.19388769230769234, 0.36488769230769236, 0.3135876923076923, 0.4503876923076923, 0.22808769230769238, 0.33068769230769235, 0.3905376923076923, 0.28793769230769234, 0.5016876923076924, 0.15968769230769236, 0.3990876923076923, 0.33068769230769235, 0.4247376923076923, 0.27083769230769233, 0.48458769230769233, 0.19388769230769234]",37835.22869861525,37230.60428679425,37837.719963868076,604.6244118209943,-2.49126525282918,-607.1156770738235,4841.03797262322,4888.68206537596,4901.340484601655,1,1,14
-0.65,0.15,1.14,"[0.38768769230769223, 0.48173769230769226, 0.3278376923076923, 0.5415876923076922, 0.25088769230769226, 0.4218876923076923, 0.37058769230769223, 0.5073876923076922, 0.2850876923076923, 0.38768769230769223, 0.44753769230769225, 0.3449376923076923, 0.5586876923076922, 0.21668769230769228, 0.45608769230769225, 0.38768769230769223, 0.48173769230769226, 0.3278376923076923, 0.5415876923076922, 0.25088769230769226, 0.4218876923076923, 0.37058769230769223, 0.5073876923076922, 0.2850876923076923, 0.38768769230769223, 0.44753769230769225, 0.3449376923076923, 0.5586876923076922, 0.21668769230769228, 0.45608769230769225, 0.38768769230769223, 0.48173769230769226, 0.3278376923076923, 0.5415876923076922, 0.25088769230769226, 0.4218876923076923, 0.37058769230769223, 0.5073876923076922, 0.2850876923076923, 0.38768769230769223, 0.44753769230769225, 0.3449376923076923, 0.5586876923076922, 0.21668769230769228, 0.45608769230769225, 0.38768769230769223, 0.48173769230769226, 0.3278376923076923, 0.5415876923076922, 0.25088769230769226, 0.4218876923076923, 0.37058769230769223, 0.5073876923076922, 0.2850876923076923, 0.38768769230769223, 0.44753769230769225, 0.3449376923076923, 0.5586876923076922, 0.21668769230769228, 0.45608769230769225, 0.38768769230769223, 0.48173769230769226, 0.3278376923076923, 0.5415876923076922, 0.25088769230769226]",38232.791326831786,37238.54715239641,37824.65335991659,994.2441744353782,408.13796691519383,-586.1062075201844,4820.0365711669565,4878.881023792701,4901.340484601655,1,1,14
-0.6,0.15,1.14,"[0.4446876923076923, 0.5387376923076923, 0.3848376923076923, 0.5985876923076923, 0.3078876923076923, 0.47888769230769235, 0.4275876923076923, 0.5643876923076923, 0.3420876923076923, 0.4446876923076923, 0.5045376923076923, 0.40193769230769233, 0.6156876923076923, 0.2736876923076923, 0.5130876923076922, 0.4446876923076923, 0.5387376923076923, 0.3848376923076923, 0.5985876923076923, 0.3078876923076923, 0.47888769230769235, 0.4275876923076923, 0.5643876923076923, 0.3420876923076923, 0.4446876923076923, 0.5045376923076923, 0.40193769230769233, 0.6156876923076923, 0.2736876923076923, 0.5130876923076922, 0.4446876923076923, 0.5387376923076923, 0.3848376923076923, 0.5985876923076923, 0.3078876923076923, 0.47888769230769235, 0.4275876923076923, 0.5643876923076923, 0.3420876923076923, 0.4446876923076923, 0.5045376923076923, 0.40193769230769233, 0.6156876923076923, 0.2736876923076923, 0.5130876923076922, 0.4446876923076923, 0.5387376923076923, 0.3848376923076923, 0.5985876923076923, 0.3078876923076923, 0.47888769230769235, 0.4275876923076923, 0.5643876923076923, 0.3420876923076923, 0.4446876923076923, 0.5045376923076923, 0.40193769230769233, 0.6156876923076923, 0.2736876923076923, 0.5130876923076922, 0.4446876923076923, 0.5387376923076923, 0.3848376923076923, 0.5985876923076923, 0.3078876923076923]",38622.97054226832,37142.04317549698,37765.14391028436,1480.927366771335,857.8266319839604,-623.1007347873747,4799.197962676776,4869.396651466376,4901.340484601655,1,1,14
-0.5,0.15,1.14,"[0.5586876923076922, 0.6527376923076923, 0.49883769230769226, 0.7125876923076923, 0.4218876923076923, 0.5928876923076923, 0.5415876923076922, 0.6783876923076922, 0.4560876923076923, 0.5586876923076922, 0.6185376923076923, 0.5159376923076923, 0.7296876923076923, 0.38768769230769223, 0.6270876923076923, 0.5586876923076922, 0.6527376923076923, 0.49883769230769226, 0.7125876923076923, 0.4218876923076923, 0.5928876923076923, 0.5415876923076922, 0.6783876923076922, 0.4560876923076923, 0.5586876923076922, 0.6185376923076923, 0.5159376923076923, 0.7296876923076923, 0.38768769230769223, 0.6270876923076923, 0.5586876923076922, 0.6527376923076923, 0.49883769230769226, 0.7125876923076923, 0.4218876923076923, 0.5928876923076923, 0.5415876923076922, 0.6783876923076922, 0.4560876923076923, 0.5586876923076922, 0.6185376923076923, 0.5159376923076923, 0.7296876923076923, 0.38768769230769223, 0.6270876923076923, 0.5586876923076922, 0.6527376923076923, 0.49883769230769226, 0.7125876923076923, 0.4218876923076923, 0.5928876923076923, 0.5415876923076922, 0.6783876923076922, 0.4560876923076923, 0.5586876923076922, 0.6185376923076923, 0.5159376923076923, 0.7296876923076923, 0.38768769230769223, 0.6270876923076923, 0.5586876923076922, 0.6527376923076923, 0.49883769230769226, 0.7125876923076923, 0.4218876923076923]",39381.540018898195,36895.45337702515,37646.12501101989,2486.086641873044,1735.415007878306,-750.6716339947379,4758.004088311254,4851.318727116478,4901.340484601655,1,1,14
-0.4,0.15,1.14,"[0.6726876923076922, 0.7667376923076923, 0.6128376923076923, 0.8265876923076922, 0.5358876923076923, 0.7068876923076922, 0.6555876923076922, 0.7923876923076922, 0.5700876923076923, 0.6726876923076922, 0.7325376923076922, 0.6299376923076923, 0.8436876923076922, 0.5016876923076922, 0.7410876923076922, 0.6726876923076922, 0.7667376923076923, 0.6128376923076923, 0.8265876923076922, 0.5358876923076923, 0.7068876923076922, 0.6555876923076922, 0.7923876923076922, 0.5700876923076923, 0.6726876923076922, 0.7325376923076922, 0.6299376923076923, 0.8436876923076922, 0.5016876923076922, 0.7410876923076922, 0.6726876923076922, 0.7667376923076923, 0.6128376923076923, 0.8265876923076922, 0.5358876923076923, 0.7068876923076922, 0.6555876923076922, 0.7923876923076922, 0.5700876923076923, 0.6726876923076922, 0.7325376923076922, 0.6299376923076923, 0.8436876923076922, 0.5016876923076922, 0.7410876923076922, 0.6726876923076922, 0.7667376923076923, 0.6128376923076923, 0.8265876923076922, 0.5358876923076923, 0.7068876923076922, 0.6555876923076922, 0.7923876923076922, 0.5700876923076923, 0.6726876923076922, 0.7325376923076922, 0.6299376923076923, 0.8436876923076922, 0.5016876923076922, 0.7410876923076922, 0.6726876923076922, 0.7667376923076923, 0.6128376923076923, 0.8265876923076922, 0.5358876923076923]",40111.651147418655,36658.27721338303,37527.10611175543,3453.373934035626,2584.545035663228,-868.8288983723978,4717.446465145889,4834.338619520379,4901.340484601655,1,1,14
-0.3,0.15,1.14,"[0.7866876923076922, 0.8807376923076922, 0.7268376923076922, 0.9405876923076922, 0.6498876923076922, 0.8208876923076922, 0.7695876923076922, 0.9063876923076921, 0.6840876923076923, 0.7866876923076922, 0.8465376923076922, 0.7439376923076922, 0.9576876923076922, 0.6156876923076922, 0.8550876923076922, 0.7866876923076922, 0.8807376923076922, 0.7268376923076922, 0.9405876923076922, 0.6498876923076922, 0.8208876923076922, 0.7695876923076922, 0.9063876923076921, 0.6840876923076923, 0.7866876923076922, 0.8465376923076922, 0.7439376923076922, 0.9576876923076922, 0.6156876923076922, 0.8550876923076922, 0.7866876923076922, 0.8807376923076922, 0.7268376923076922, 0.9405876923076922, 0.6498876923076922, 0.8208876923076922, 0.7695876923076922, 0.9063876923076921, 0.6840876923076923, 0.7866876923076922, 0.8465376923076922, 0.7439376923076922, 0.9576876923076922, 0.6156876923076922, 0.8550876923076922, 0.7866876923076922, 0.8807376923076922, 0.7268376923076922, 0.9405876923076922, 0.6498876923076922, 0.8208876923076922, 0.7695876923076922, 0.9063876923076921, 0.6840876923076923, 0.7866876923076922, 0.8465376923076922, 0.7439376923076922, 0.9576876923076922, 0.6156876923076922, 0.8550876923076922, 0.7866876923076922, 0.8807376923076922, 0.7268376923076922, 0.9405876923076922, 0.6498876923076922]",40814.00117065353,36429.678529342826,37408.08721249096,4384.322641310704,3405.9139581625714,-978.4086831481327,4677.515173847472,4818.3595379749395,4901.340484601655,1,1,14
-0.2,0.15,1.14,"[0.9006876923076923, 0.9947376923076923, 0.8408376923076923, 1.0545876923076922, 0.7638876923076923, 0.9348876923076923, 0.8835876923076923, 1.0203876923076922, 0.7980876923076923, 0.9006876923076923, 0.9605376923076923, 0.8579376923076923, 1.0716876923076923, 0.7296876923076923, 0.9690876923076923, 0.9006876923076923, 0.9947376923076923, 0.8408376923076923, 1.0545876923076922, 0.7638876923076923, 0.9348876923076923, 0.8835876923076923, 1.0203876923076922, 0.7980876923076923, 0.9006876923076923, 0.9605376923076923, 0.8579376923076923, 1.0716876923076923, 0.7296876923076923, 0.9690876923076923, 0.9006876923076923, 0.9947376923076923, 0.8408376923076923, 1.0545876923076922, 0.7638876923076923, 0.9348876923076923, 0.8835876923076923, 1.0203876923076922, 0.7980876923076923, 0.9006876923076923, 0.9605376923076923, 0.8579376923076923, 1.0716876923076923, 0.7296876923076923, 0.9690876923076923, 0.9006876923076923, 0.9947376923076923, 0.8408376923076923, 1.0545876923076922, 0.7638876923076923, 0.9348876923076923, 0.8835876923076923, 1.0203876923076922, 0.7980876923076923, 0.9006876923076923, 0.9605376923076923, 0.8579376923076923, 1.0716876923076923, 0.7296876923076923, 0.9690876923076923, 0.9006876923076923, 0.9947376923076923, 0.8408376923076923, 1.0545876923076922, 0.7638876923076923]",41489.27430922458,36208.91743520278,37289.06831322649,5280.356874021803,4200.205995998091,-1080.1508780237127,4638.200632600327,4803.295689566511,4901.340484601655,1,1,14
-0.1,0.15,1.14,"[1.0146876923076922, 1.1087376923076924, 0.9548376923076922, 1.1685876923076923, 0.8778876923076923, 1.0488876923076922, 0.9975876923076923, 1.1343876923076923, 0.9120876923076923, 1.0146876923076922, 1.0745376923076921, 0.9719376923076922, 1.1856876923076922, 0.8436876923076922, 1.0830876923076922, 1.0146876923076922, 1.1087376923076924, 0.9548376923076922, 1.1685876923076923, 0.8778876923076923, 1.0488876923076922, 0.9975876923076923, 1.1343876923076923, 0.9120876923076923, 1.0146876923076922, 1.0745376923076921, 0.9719376923076922, 1.1856876923076922, 0.8436876923076922, 1.0830876923076922, 1.0146876923076922, 1.1087376923076924, 0.9548376923076922, 1.1685876923076923, 0.8778876923076923, 1.0488876923076922, 0.9975876923076923, 1.1343876923076923, 0.9120876923076923, 1.0146876923076922, 1.0745376923076921, 0.9719376923076922, 1.1856876923076922, 0.8436876923076922, 1.0830876923076922, 1.0146876923076922, 1.1087376923076924, 0.9548376923076922, 1.1685876923076923, 0.8778876923076923, 1.0488876923076922, 0.9975876923076923, 1.1343876923076923, 0.9120876923076923, 1.0146876923076922, 1.0745376923076921, 0.9719376923076922, 1.1856876923076922, 0.8436876923076922, 1.0830876923076922, 1.0146876923076922, 1.1087376923076924, 0.9548376923076922, 1.1685876923076923, 0.8778876923076923]",42138.138499620734,35995.33851622395,37170.04941396202,6142.799983396784,4968.089085658714,-1174.7108977380703,4599.493226479512,4789.0708302429075,4901.340484601655,1,1,14
0.0,0.15,1.14,"[1.1286876923076923, 1.2227376923076922, 1.0688376923076923, 1.2825876923076922, 0.9918876923076922, 1.1628876923076923, 1.1115876923076922, 1.2483876923076922, 1.0260876923076923, 1.1286876923076923, 1.1885376923076922, 1.0859376923076922, 1.299687692307692, 0.9576876923076922, 1.1970876923076923, 1.1286876923076923, 1.2227376923076922, 1.0688376923076923, 1.2825876923076922, 0.9918876923076922, 1.1628876923076923, 1.1115876923076922, 1.2483876923076922, 1.0260876923076923, 1.1286876923076923, 1.1885376923076922, 1.0859376923076922, 1.299687692307692, 0.9576876923076922, 1.1970876923076923, 1.1286876923076923, 1.2227376923076922, 1.0688376923076923, 1.2825876923076922, 0.9918876923076922, 1.1628876923076923, 1.1115876923076922, 1.2483876923076922, 1.0260876923076923, 1.1286876923076923, 1.1885376923076922, 1.0859376923076922, 1.299687692307692, 0.9576876923076922, 1.1970876923076923, 1.1286876923076923, 1.2227376923076922, 1.0688376923076923, 1.2825876923076922, 0.9918876923076922, 1.1628876923076923, 1.1115876923076922, 1.2483876923076922, 1.0260876923076923, 1.1286876923076923, 1.1885376923076922, 1.0859376923076922, 1.299687692307692, 0.9576876923076922, 1.1970876923076923, 1.1286876923076923, 1.2227376923076922, 1.0688376923076923, 1.2825876923076922, 0.9918876923076922]",42761.249319429684,35788.354920911246,37051.03051469755,6972.894398518438,5710.218804732132,-1262.6755937863054,4561.383666972813,4775.616934473556,4901.340484601655,1,1,14
-1.0,0.2,1.14,"[0.0, 0.11031692307692309, 0.0, 0.19011692307692307, 0.0, 0.03051692307692308, 0.0, 0.14451692307692307, 0.0, 0.0, 0.06471692307692307, 0.0, 0.2129169230769231, 0.0, 0.0761169230769231, 0.0, 0.11031692307692309, 0.0, 0.19011692307692307, 0.0, 0.03051692307692308, 0.0, 0.14451692307692307, 0.0, 0.0, 0.06471692307692307, 0.0, 0.2129169230769231, 0.0, 0.0761169230769231, 0.0, 0.11031692307692309, 0.0, 0.19011692307692307, 0.0, 0.03051692307692308, 0.0, 0.14451692307692307, 0.0, 0.0, 0.06471692307692307, 0.0, 0.2129169230769231, 0.0, 0.0761169230769231, 0.0, 0.11031692307692309, 0.0, 0.19011692307692307, 0.0, 0.03051692307692308, 0.0, 0.14451692307692307, 0.0, 0.0, 0.06471692307692307, 0.0, 0.2129169230769231, 0.0, 0.0761169230769231, 0.0, 0.11031692307692309, 0.0, 0.19011692307692307, 0.0]",35695.44374516011,35695.44374516011,37837.719963868076,0.0,-2142.2762187079643,-2142.2762187079643,4943.6902622748175,4943.6902622748175,4901.340484601655,0,1,14
-0.95,0.2,1.14,"[0.04191692307692313, 0.1673169230769231, 0.0, 0.24711692307692312, 0.0, 0.08751692307692312, 0.019116923076923125, 0.20151692307692312, 0.0, 0.04191692307692313, 0.12171692307692311, 0.0, 0.26991692307692317, 0.0, 0.13311692307692313, 0.04191692307692313, 0.1673169230769231, 0.0, 0.24711692307692312, 0.0, 0.08751692307692312, 0.019116923076923125, 0.20151692307692312, 0.0, 0.04191692307692313, 0.12171692307692311, 0.0, 0.26991692307692317, 0.0, 0.13311692307692313, 0.04191692307692313, 0.1673169230769231, 0.0, 0.24711692307692312, 0.0, 0.08751692307692312, 0.019116923076923125, 0.20151692307692312, 0.0, 0.04191692307692313, 0.12171692307692311, 0.0, 0.26991692307692317, 0.0, 0.13311692307692313, 0.04191692307692313, 0.1673169230769231, 0.0, 0.24711692307692312, 0.0, 0.08751692307692312, 0.019116923076923125, 0.20151692307692312, 0.0, 0.04191692307692313, 0.12171692307692311, 0.0, 0.26991692307692317, 0.0, 0.13311692307692313, 0.04191692307692313, 0.1673169230769231, 0.0, 0.24711692307692312, 0.0]",35957.90096430631,35957.90096430631,37837.719963868076,0.0,-1879.818999561765,-1879.818999561765,4932.794394618882,4932.794394618882,4901.340484601655,0,1,14
-0.9,0.2,1.14,"[0.09891692307692304, 0.22431692307692302, 0.019116923076923063, 0.30411692307692306, 0.0, 0.14451692307692304, 0.07611692307692304, 0.25851692307692303, 0.0, 0.09891692307692304, 0.17871692307692302, 0.04191692307692305, 0.32691692307692305, 0.0, 0.19011692307692307, 0.09891692307692304, 0.22431692307692302, 0.019116923076923063, 0.30411692307692306, 0.0, 0.14451692307692304, 0.07611692307692304, 0.25851692307692303, 0.0, 0.09891692307692304, 0.17871692307692302, 0.04191692307692305, 0.32691692307692305, 0.0, 0.19011692307692307, 0.09891692307692304, 0.22431692307692302, 0.019116923076923063, 0.30411692307692306, 0.0, 0.14451692307692304, 0.07611692307692304, 0.25851692307692303, 0.0, 0.09891692307692304, 0.17871692307692302, 0.04191692307692305, 0.32691692307692305, 0.0, 0.19011692307692307, 0.09891692307692304, 0.22431692307692302, 0.019116923076923063, 0.30411692307692306, 0.0, 0.14451692307692304, 0.07611692307692304, 0.25851692307692303, 0.0, 0.09891692307692304, 0.17871692307692302, 0.04191692307692305, 0.32691692307692305, 0.0, 0.19011692307692307, 0.09891692307692304, 0.22431692307692302, 0.019116923076923063, 0.30411692307692306, 0.0]",36278.72284307808,36278.72284307808,37837.719963868076,0.0,-1558.9971207899944,-1558.9971207899944,4918.292689856834,4918.292689856834,4901.340484601655,0,1,14
-0.85,0.2,1.14,"[0.15591692307692306, 0.2813169230769231, 0.07611692307692311, 0.36111692307692306, 0.0, 0.2015169230769231, 0.1331169230769231, 0.31551692307692303, 0.019116923076923094, 0.15591692307692306, 0.23571692307692307, 0.0989169230769231, 0.3839169230769231, 0.0, 0.24711692307692312, 0.15591692307692306, 0.2813169230769231, 0.07611692307692311, 0.36111692307692306, 0.0, 0.2015169230769231, 0.1331169230769231, 0.31551692307692303, 0.019116923076923094, 0.15591692307692306, 0.23571692307692307, 0.0989169230769231, 0.3839169230769231, 0.0, 0.24711692307692312, 0.15591692307692306, 0.2813169230769231, 0.07611692307692311, 0.36111692307692306, 0.0, 0.2015169230769231, 0.1331169230769231, 0.31551692307692303, 0.019116923076923094, 0.15591692307692306, 0.23571692307692307, 0.0989169230769231, 0.3839169230769231, 0.0, 0.24711692307692312, 0.15591692307692306, 0.2813169230769231, 0.07611692307692311, 0.36111692307692306, 0.0, 0.2015169230769231, 0.1331169230769231, 0.31551692307692303, 0.019116923076923094, 0.15591692307692306, 0.23571692307692307, 0.0989169230769231, 0.3839169230769231, 0.0, 0.24711692307692312, 0.15591692307692306, 0.2813169230769231, 0.07611692307692311, 0.36111692307692306, 0.0]",36629.280567255424,36629.280567255424,37837.719963868076,0.0,-1208.4393966126518,-1208.4393966126518,4901.267365046681,4901.267365046681,4901.340484601655,0,1,14
-0.8,0.2,1.14,"[0.212916923076923, 0.338316923076923, 0.13311692307692302, 0.418116923076923, 0.030516923076923008, 0.258516923076923, 0.19011692307692302, 0.37251692307692297, 0.07611692307692301, 0.212916923076923, 0.29271692307692304, 0.155916923076923, 0.44091692307692304, 0.0, 0.30411692307692306, 0.212916923076923, 0.338316923076923, 0.13311692307692302, 0.418116923076923, 0.030516923076923008, 0.258516923076923, 0.19011692307692302, 0.37251692307692297, 0.07611692307692301, 0.212916923076923, 0.29271692307692304, 0.155916923076923, 0.44091692307692304, 0.0, 0.30411692307692306, 0.212916923076923, 0.338316923076923, 0.13311692307692302, 0.418116923076923, 0.030516923076923008, 0.258516923076923, 0.19011692307692302, 0.37251692307692297, 0.07611692307692301, 0.212916923076923, 0.29271692307692304, 0.155916923076923, 0.44091692307692304, 0.0, 0.30411692307692306, 0.212916923076923, 0.338316923076923, 0.13311692307692302, 0.418116923076923, 0.030516923076923008, 0.258516923076923, 0.19011692307692302, 0.37251692307692297, 0.07611692307692301, 0.212916923076923, 0.29271692307692304, 0.155916923076923, 0.44091692307692304, 0.0, 0.30411692307692306, 0.212916923076923, 0.338316923076923, 0.13311692307692302, 0.418116923076923, 0.030516923076923008]",37011.544744431514,36849.98739865842,37837.719963868076,161.5573457730934,-826.1752194365617,-987.7325652096551,4882.812902607439,4909.565447524302,4901.340484601655,1,1,14
-0.75,0.2,1.14,"[0.26991692307692305, 0.39531692307692307, 0.19011692307692307, 0.47511692307692305, 0.08751692307692305, 0.31551692307692303, 0.24711692307692307, 0.429516923076923, 0.13311692307692305, 0.26991692307692305, 0.3497169230769231, 0.21291692307692306, 0.4979169230769231, 0.04191692307692305, 0.36111692307692306, 0.26991692307692305, 0.39531692307692307, 0.19011692307692307, 0.47511692307692305, 0.08751692307692305, 0.31551692307692303, 0.24711692307692307, 0.429516923076923, 0.13311692307692305, 0.26991692307692305, 0.3497169230769231, 0.21291692307692306, 0.4979169230769231, 0.04191692307692305, 0.36111692307692306, 0.26991692307692305, 0.39531692307692307, 0.19011692307692307, 0.47511692307692305, 0.08751692307692305, 0.31551692307692303, 0.24711692307692307, 0.429516923076923, 0.13311692307692305, 0.26991692307692305, 0.3497169230769231, 0.21291692307692306, 0.4979169230769231, 0.04191692307692305, 0.36111692307692306, 0.26991692307692305, 0.39531692307692307, 0.19011692307692307, 0.47511692307692305, 0.08751692307692305, 0.31551692307692303, 0.24711692307692307, 0.429516923076923, 0.13311692307692305, 0.26991692307692305, 0.3497169230769231, 0.21291692307692306, 0.4979169230769231, 0.04191692307692305, 0.36111692307692306, 0.26991692307692305, 0.39531692307692307, 0.19011692307692307, 0.47511692307692305, 0.08751692307692305]",37420.7137991389,37019.52247172311,37837.719963868076,401.19132741579233,-417.0061647291732,-818.1974921449655,4862.438338115182,4899.260783973193,4901.340484601655,1,1,14
-0.7,0.2,1.14,"[0.3269169230769231, 0.4523169230769231, 0.24711692307692312, 0.532116923076923, 0.1445169230769231, 0.3725169230769231, 0.3041169230769231, 0.48651692307692307, 0.1901169230769231, 0.3269169230769231, 0.40671692307692314, 0.2699169230769231, 0.5549169230769231, 0.0989169230769231, 0.4181169230769231, 0.3269169230769231, 0.4523169230769231, 0.24711692307692312, 0.532116923076923, 0.1445169230769231, 0.3725169230769231, 0.3041169230769231, 0.48651692307692307, 0.1901169230769231, 0.3269169230769231, 0.40671692307692314, 0.2699169230769231, 0.5549169230769231, 0.0989169230769231, 0.4181169230769231, 0.3269169230769231, 0.4523169230769231, 0.24711692307692312, 0.532116923076923, 0.1445169230769231, 0.3725169230769231, 0.3041169230769231, 0.48651692307692307, 0.1901169230769231, 0.3269169230769231, 0.40671692307692314, 0.2699169230769231, 0.5549169230769231, 0.0989169230769231, 0.4181169230769231, 0.3269169230769231, 0.4523169230769231, 0.24711692307692312, 0.532116923076923, 0.1445169230769231, 0.3725169230769231, 0.3041169230769231, 0.48651692307692307, 0.1901169230769231, 0.3269169230769231, 0.40671692307692314, 0.2699169230769231, 0.5549169230769231, 0.0989169230769231, 0.4181169230769231, 0.3269169230769231, 0.4523169230769231, 0.24711692307692312, 0.532116923076923, 0.1445169230769231]",37825.87037333253,37130.028319731064,37837.719963868076,695.8420536014673,-11.849590535544849,-707.6916441370122,4841.271032434464,4889.1055776776875,4901.340484601655,1,1,14
-0.65,0.2,1.14,"[0.38391692307692304, 0.509316923076923, 0.30411692307692306, 0.589116923076923, 0.201516923076923, 0.429516923076923, 0.361116923076923, 0.543516923076923, 0.247116923076923, 0.38391692307692304, 0.463716923076923, 0.32691692307692305, 0.611916923076923, 0.155916923076923, 0.47511692307692305, 0.38391692307692304, 0.509316923076923, 0.30411692307692306, 0.589116923076923, 0.201516923076923, 0.429516923076923, 0.361116923076923, 0.543516923076923, 0.247116923076923, 0.38391692307692304, 0.463716923076923, 0.32691692307692305, 0.611916923076923, 0.155916923076923, 0.47511692307692305, 0.38391692307692304, 0.509316923076923, 0.30411692307692306, 0.589116923076923, 0.201516923076923, 0.429516923076923, 0.361116923076923, 0.543516923076923, 0.247116923076923, 0.38391692307692304, 0.463716923076923, 0.32691692307692305, 0.611916923076923, 0.155916923076923, 0.47511692307692305, 0.38391692307692304, 0.509316923076923, 0.30411692307692306, 0.589116923076923, 0.201516923076923, 0.429516923076923, 0.361116923076923, 0.543516923076923, 0.247116923076923, 0.38391692307692304, 0.463716923076923, 0.32691692307692305, 0.611916923076923, 0.155916923076923, 0.47511692307692305, 0.38391692307692304, 0.509316923076923, 0.30411692307692306, 0.589116923076923, 0.201516923076923]",38223.55057618671,37178.54402954505,37837.719963868076,1045.0065466416563,385.83061231863394,-659.1759343230224,4820.267788134608,4879.284500244351,4901.340484601655,1,1,14
-0.6,0.2,1.14,"[0.4409169230769231, 0.566316923076923, 0.36111692307692306, 0.646116923076923, 0.2585169230769231, 0.48651692307692307, 0.41811692307692305, 0.6005169230769231, 0.30411692307692306, 0.4409169230769231, 0.5207169230769231, 0.3839169230769231, 0.6689169230769231, 0.21291692307692306, 0.532116923076923, 0.4409169230769231, 0.566316923076923, 0.36111692307692306, 0.646116923076923, 0.2585169230769231, 0.48651692307692307, 0.41811692307692305, 0.6005169230769231, 0.30411692307692306, 0.4409169230769231, 0.5207169230769231, 0.3839169230769231, 0.6689169230769231, 0.21291692307692306, 0.532116923076923, 0.4409169230769231, 0.566316923076923, 0.36111692307692306, 0.646116923076923, 0.2585169230769231, 0.48651692307692307, 0.41811692307692305, 0.6005169230769231, 0.30411692307692306, 0.4409169230769231, 0.5207169230769231, 0.3839169230769231, 0.6689169230769231, 0.21291692307692306, 0.532116923076923, 0.4409169230769231, 0.566316923076923, 0.36111692307692306, 0.646116923076923, 0.2585169230769231, 0.48651692307692307, 0.41811692307692305, 0.6005169230769231, 0.30411692307692306, 0.4409169230769231, 0.5207169230769231, 0.3839169230769231, 0.6689169230769231, 0.21291692307692306, 0.532116923076923, 0.4409169230769231, 0.566316923076923, 0.36111692307692306, 0.646116923076923, 0.2585169230769231]",38613.84611951261,37166.48873724433,37816.68824896582,1447.3573822682738,797.157870546791,-650.1995117214828,4799.427357992474,4869.781381643633,4901.340484601655,1,1,14
-0.5,0.2,1.14,"[0.5549169230769231, 0.680316923076923, 0.47511692307692305, 0.760116923076923, 0.372516923076923, 0.6005169230769231, 0.532116923076923, 0.7145169230769229, 0.418116923076923, 0.5549169230769231, 0.6347169230769231, 0.4979169230769231, 0.7829169230769231, 0.32691692307692305, 0.646116923076923, 0.5549169230769231, 0.680316923076923, 0.47511692307692305, 0.760116923076923, 0.372516923076923, 0.6005169230769231, 0.532116923076923, 0.7145169230769229, 0.418116923076923, 0.5549169230769231, 0.6347169230769231, 0.4979169230769231, 0.7829169230769231, 0.32691692307692305, 0.646116923076923, 0.5549169230769231, 0.680316923076923, 0.47511692307692305, 0.760116923076923, 0.372516923076923, 0.6005169230769231, 0.532116923076923, 0.7145169230769229, 0.418116923076923, 0.5549169230769231, 0.6347169230769231, 0.4979169230769231, 0.7829169230769231, 0.32691692307692305, 0.646116923076923, 0.5549169230769231, 0.680316923076923, 0.47511692307692305, 0.760116923076923, 0.372516923076923, 0.6005169230769231, 0.532116923076923, 0.7145169230769229, 0.418116923076923, 0.5549169230769231, 0.6347169230769231, 0.4979169230769231, 0.7829169230769231, 0.32691692307692305, 0.646116923076923, 0.5549169230769231, 0.680316923076923, 0.47511692307692305, 0.760116923076923, 0.372516923076923]",39372.645522418716,36948.5273657497,37697.669349701355,2424.118156669014,1674.976172717361,-749.141983951653,4758.230004745641,4851.669328199546,4901.340484601655,1,1,14
-0.4,0.2,1.14,"[0.668916923076923, 0.794316923076923, 0.589116923076923, 0.874116923076923, 0.486516923076923, 0.7145169230769229, 0.6461169230769229, 0.8285169230769229, 0.5321169230769229, 0.668916923076923, 0.7487169230769231, 0.611916923076923, 0.8969169230769231, 0.44091692307692304, 0.760116923076923, 0.668916923076923, 0.794316923076923, 0.589116923076923, 0.874116923076923, 0.486516923076923, 0.7145169230769229, 0.6461169230769229, 0.8285169230769229, 0.5321169230769229, 0.668916923076923, 0.7487169230769231, 0.611916923076923, 0.8969169230769231, 0.44091692307692304, 0.760116923076923, 0.668916923076923, 0.794316923076923, 0.589116923076923, 0.874116923076923, 0.486516923076923, 0.7145169230769229, 0.6461169230769229, 0.8285169230769229, 0.5321169230769229, 0.668916923076923, 0.7487169230769231, 0.611916923076923, 0.8969169230769231, 0.44091692307692304, 0.760116923076923, 0.668916923076923, 0.794316923076923, 0.589116923076923, 0.874116923076923, 0.486516923076923, 0.7145169230769229, 0.6461169230769229, 0.8285169230769229, 0.5321169230769229, 0.668916923076923, 0.7487169230769231, 0.611916923076923, 0.8969169230769231, 0.44091692307692304, 0.760116923076923, 0.668916923076923, 0.794316923076923, 0.589116923076923, 0.874116923076923, 0.486516923076923]",40102.980597531496,36710.4792474555,37578.650450436886,3392.501350075996,2524.33014709461,-868.1712029813862,4717.668829246588,4834.659044297219,4901.340484601655,1,1,14
-0.3,0.2,1.14,"[0.782916923076923, 0.908316923076923, 0.703116923076923, 0.988116923076923, 0.600516923076923, 0.8285169230769229, 0.760116923076923, 0.9425169230769229, 0.6461169230769229, 0.782916923076923, 0.8627169230769229, 0.725916923076923, 1.010916923076923, 0.554916923076923, 0.874116923076923, 0.782916923076923, 0.908316923076923, 0.703116923076923, 0.988116923076923, 0.600516923076923, 0.8285169230769229, 0.760116923076923, 0.9425169230769229, 0.6461169230769229, 0.782916923076923, 0.8627169230769229, 0.725916923076923, 1.010916923076923, 0.554916923076923, 0.874116923076923, 0.782916923076923, 0.908316923076923, 0.703116923076923, 0.988116923076923, 0.600516923076923, 0.8285169230769229, 0.760116923076923, 0.9425169230769229, 0.6461169230769229, 0.782916923076923, 0.8627169230769229, 0.725916923076923, 1.010916923076923, 0.554916923076923, 0.874116923076923, 0.782916923076923, 0.908316923076923, 0.703116923076923, 0.988116923076923, 0.600516923076923, 0.8285169230769229, 0.760116923076923, 0.9425169230769229, 0.6461169230769229, 0.782916923076923, 0.8627169230769229, 0.725916923076923, 1.010916923076923, 0.554916923076923, 0.874116923076923, 0.782916923076923, 0.908316923076923, 0.703116923076923, 0.988116923076923, 0.600516923076923]",40805.55086153878,36481.092603533434,37459.63155117242,4324.458258005347,3345.919310366364,-978.5389476389828,4677.73416585237,4818.653177167184,4901.340484601655,1,1,14
-0.2,0.2,1.14,"[0.8969169230769231, 1.0223169230769231, 0.8171169230769231, 1.102116923076923, 0.7145169230769229, 0.942516923076923, 0.8741169230769231, 1.056516923076923, 0.760116923076923, 0.8969169230769231, 0.976716923076923, 0.8399169230769231, 1.1249169230769231, 0.6689169230769231, 0.9881169230769231, 0.8969169230769231, 1.0223169230769231, 0.8171169230769231, 1.102116923076923, 0.7145169230769229, 0.942516923076923, 0.8741169230769231, 1.056516923076923, 0.760116923076923, 0.8969169230769231, 0.976716923076923, 0.8399169230769231, 1.1249169230769231, 0.6689169230769231, 0.9881169230769231, 0.8969169230769231, 1.0223169230769231, 0.8171169230769231, 1.102116923076923, 0.7145169230769229, 0.942516923076923, 0.8741169230769231, 1.056516923076923, 0.760116923076923, 0.8969169230769231, 0.976716923076923, 0.8399169230769231, 1.1249169230769231, 0.6689169230769231, 0.9881169230769231, 0.8969169230769231, 1.0223169230769231, 0.8171169230769231, 1.102116923076923, 0.7145169230769229, 0.942516923076923, 0.8741169230769231, 1.056516923076923, 0.760116923076923, 0.8969169230769231, 0.976716923076923, 0.8399169230769231, 1.1249169230769231, 0.6689169230769231, 0.9881169230769231, 0.8969169230769231, 1.0223169230769231, 0.8171169230769231, 1.102116923076923, 0.7145169230769229]",41481.038381083854,36259.61723288408,37340.61265190795,5221.421148199777,4140.425729175906,-1080.9954190238714,4638.41618100038,4803.565478709472,4901.340484601655,1,1,14
-0.1,0.2,1.14,"[1.010916923076923, 1.136316923076923, 0.9311169230769231, 1.2161169230769229, 0.828516923076923, 1.056516923076923, 0.988116923076923, 1.170516923076923, 0.874116923076923, 1.010916923076923, 1.0907169230769231, 0.9539169230769231, 1.2389169230769228, 0.7829169230769231, 1.102116923076923, 1.010916923076923, 1.136316923076923, 0.9311169230769231, 1.2161169230769229, 0.828516923076923, 1.056516923076923, 0.988116923076923, 1.170516923076923, 0.874116923076923, 1.010916923076923, 1.0907169230769231, 0.9539169230769231, 1.2389169230769228, 0.7829169230769231, 1.102116923076923, 1.010916923076923, 1.136316923076923, 0.9311169230769231, 1.2161169230769229, 0.828516923076923, 1.056516923076923, 0.988116923076923, 1.170516923076923, 0.874116923076923, 1.010916923076923, 1.0907169230769231, 0.9539169230769231, 1.2389169230769228, 0.7829169230769231, 1.102116923076923, 1.010916923076923, 1.136316923076923, 0.9311169230769231, 1.2161169230769229, 0.828516923076923, 1.056516923076923, 0.988116923076923, 1.170516923076923, 0.874116923076923, 1.010916923076923, 1.0907169230769231, 0.9539169230769231, 1.2389169230769228, 0.7829169230769231, 1.102116923076923, 1.010916923076923, 1.136316923076923, 0.9311169230769231, 1.2161169230769229, 0.828516923076923]",42130.11350472598,36045.387959351145,37221.59375264348,6084.725545374837,4908.519752082502,-1176.2057932923344,4599.705506291472,4789.319323463081,4901.340484601655,1,1,14
0.0,0.2,1.14,"[1.124916923076923, 1.2503169230769229, 1.045116923076923, 1.330116923076923, 0.9425169230769229, 1.170516923076923, 1.102116923076923, 1.284516923076923, 0.988116923076923, 1.124916923076923, 1.2047169230769228, 1.067916923076923, 1.352916923076923, 0.8969169230769231, 1.2161169230769229, 1.124916923076923, 1.2503169230769229, 1.045116923076923, 1.330116923076923, 0.9425169230769229, 1.170516923076923, 1.102116923076923, 1.284516923076923, 0.988116923076923, 1.124916923076923, 1.2047169230769228, 1.067916923076923, 1.352916923076923, 0.8969169230769231, 1.2161169230769229, 1.124916923076923, 1.2503169230769229, 1.045116923076923, 1.330116923076923, 0.9425169230769229, 1.170516923076923, 1.102116923076923, 1.284516923076923, 0.988116923076923, 1.124916923076923, 1.2047169230769228, 1.067916923076923, 1.352916923076923, 0.8969169230769231, 1.2161169230769229, 1.124916923076923, 1.2503169230769229, 1.045116923076923, 1.330116923076923, 0.9425169230769229, 1.170516923076923, 1.102116923076923, 1.284516923076923, 0.988116923076923, 1.124916923076923, 1.2047169230769228, 1.067916923076923, 1.352916923076923, 0.8969169230769231, 1.2161169230769229, 1.124916923076923, 1.2503169230769229, 1.045116923076923, 1.330116923076923, 0.9425169230769229]",42753.42951564103,35837.81224441873,37102.57485337901,6915.617271222298,5650.85466226202,-1264.7626089602782,4561.592608580835,4775.846308681443,4901.340484601655,1,1,14
