tariff_decimal,tariff_pct,predicted_retention_factor
0.025,2.5,0.9965925179358595
0.030066889632107026,3.006688963210703,0.9959033208975497
0.03513377926421405,3.513377926421405,0.9952146004758603
0.04020066889632107,4.020066889632107,0.994526356341185
0.04526755852842809,4.526755852842809,0.9938385881641463
0.05033444816053512,5.033444816053512,0.9931512956155937
0.05540133779264214,5.540133779264214,0.9924644783666047
0.060468227424749166,6.046822742474917,0.9917781360884843
0.06553511705685619,6.553511705685619,0.9910922684527647
0.07060200668896321,7.0602006688963215,0.9904068751312053
0.07566889632107024,7.566889632107024,0.9897219557957925
0.08073578595317726,8.073578595317727,0.9890375101187395
0.08580267558528429,8.580267558528428,0.9883535377724862
0.09086956521739131,9.08695652173913,0.9876700384296992
0.09593645484949834,9.593645484949834,0.9869870117632711
0.10100334448160536,10.100334448160536,0.9863044574463209
0.10607023411371239,10.60702341137124,0.9856223751521936
0.11113712374581941,11.11371237458194,0.9849407645544606
0.11620401337792644,11.620401337792643,0.9842596253269181
0.12127090301003346,12.127090301003346,0.9835789571435887
0.12633779264214048,12.633779264214049,0.98289875967872
0.1314046822742475,13.140468227424751,0.982219032606785
0.13647157190635453,13.647157190635454,0.9815397756024818
0.14153846153846156,14.153846153846155,0.9808609883407337
0.14660535117056855,14.660535117056856,0.9801826704966884
0.15167224080267558,15.167224080267557,0.9795048217457184
0.1567391304347826,15.67391304347826,0.978827441763421
0.16180602006688963,16.180602006688964,0.9781505302256173
0.16687290969899665,16.687290969899664,0.977474086808353
0.17193979933110368,17.193979933110366,0.9767981111878977
0.1770066889632107,17.70066889632107,0.9761226030407448
0.18207357859531773,18.207357859531772,0.9754475620436117
0.18714046822742475,18.714046822742475,0.9747729878734391
0.19220735785953177,19.220735785953178,0.9740988802073911
0.1972742474916388,19.72742474916388,0.9734252387228551
0.20234113712374582,20.234113712374583,0.9727520630974419
0.20740802675585285,20.740802675585286,0.9720793530089846
0.21247491638795987,21.24749163879599,0.9714071081355399
0.2175418060200669,21.75418060200669,0.9707353281553864
0.22260869565217392,22.26086956521739,0.9700640127470258
0.22767558528428095,22.767558528428093,0.9693931615891817
0.23274247491638797,23.274247491638796,0.9687227743608
0.237809364548495,23.7809364548495,0.9680528507410487
0.24287625418060202,24.287625418060202,0.9673833904093178
0.24794314381270904,24.794314381270905,0.9667143930452186
0.2530100334448161,25.30100334448161,0.9660458583285843
0.2580769230769231,25.80769230769231,0.9653777859394693
0.26314381270903014,26.314381270903013,0.9647101755581498
0.26821070234113714,26.821070234113716,0.9640430268651222
0.27327759197324414,27.327759197324415,0.9633763395411047
0.2783444816053512,27.834448160535118,0.9627101132670358
0.28341137123745824,28.341137123745824,0.9620443477240748
0.28847826086956524,28.847826086956523,0.9613790425936015
0.2935451505016723,29.35451505016723,0.9607141975572161
0.2986120401337793,29.86120401337793,0.9600498122967388
0.30367892976588634,30.367892976588635,0.9593858864942101
0.30874581939799334,30.874581939799334,0.9587224198318902
0.3138127090301004,31.38127090301004,0.958059411992259
0.3188795986622074,31.88795986622074,0.9573968626580162
0.32394648829431444,32.394648829431446,0.9567347715120806
0.32901337792642144,32.901337792642146,0.9560731382375908
0.3340802675585285,33.40802675585285,0.955411962517904
0.3391471571906355,33.91471571906355,0.9547512440365964
0.34421404682274254,34.42140468227425,0.9540909824774635
0.34928093645484953,34.92809364548496,0.9534311775245191
0.35434782608695653,35.434782608695656,0.9527718288619955
0.3594147157190636,35.941471571906355,0.9521129361743436
0.3644816053511706,36.448160535117054,0.9514544991462321
0.36954849498327763,36.95484949832776,0.9507965174625485
0.37461538461538463,37.46153846153846,0.9501389908083974
0.3796822742474917,37.968227424749166,0.9494819188691017
0.3847491638795987,38.474916387959865,0.9488253013302017
0.38981605351170573,38.98160535117057,0.9481691378774553
0.3948829431438127,39.48829431438127,0.9475134281968375
0.3999498327759198,39.99498327759198,0.9468581719745406
0.4050167224080268,40.50167224080268,0.9462033688969741
0.4100836120401338,41.00836120401338,0.945549018650764
0.4151505016722408,41.51505016722408,0.9448951209227533
0.4202173913043479,42.02173913043479,0.9442416754000014
0.4252842809364549,42.52842809364549,0.9435886817697842
0.4303511705685619,43.035117056856194,0.9429361397195938
0.4354180602006689,43.54180602006689,0.9422840489371385
0.440484949832776,44.0484949832776,0.9416324091103424
0.44555183946488297,44.5551839464883,0.9409812199273457
0.45061872909699,45.061872909699005,0.9403304810765041
0.455685618729097,45.568561872909704,0.9396801922463887
0.46075250836120407,46.075250836120404,0.9390303531257862
0.46581939799331107,46.58193979933111,0.9383809634036984
0.4708862876254181,47.08862876254181,0.9377320227693421
0.4759531772575251,47.59531772575251,0.9370835309121491
0.48102006688963217,48.102006688963215,0.9364354875217662
0.48608695652173917,48.608695652173914,0.9357878922880544
0.4911538461538462,49.11538461538462,0.9351407449010894
0.4962207357859532,49.62207357859532,0.9344940450511614
0.5012876254180603,50.128762541806026,0.9338477924287744
0.5063545150501673,50.635451505016725,0.9332019867246467
0.5114214046822743,51.142140468227424,0.9325566276297105
0.5164882943143813,51.64882943143812,0.9319117148351115
0.5215551839464883,52.15551839464882,0.9312672480322092
0.5266220735785954,52.662207357859536,0.9306232269125765
0.5316889632107024,53.168896321070235,0.9299796511679995
0.5367558528428094,53.675585284280935,0.9293365204904778
0.5418227424749165,54.18227424749165,0.9286938345722233
0.5468896321070235,54.68896321070235,0.9280515931056615
0.5519565217391305,55.19565217391305,0.9274097957834302
0.5570234113712375,55.702341137123746,0.9267684422983797
0.5620903010033446,56.20903010033446,0.9261275323435731
0.5671571906354516,56.71571906354516,0.9254870656122853
0.5722240802675586,57.22240802675586,0.9248470417980036
0.5772909698996656,57.72909698996656,0.9242074605944272
0.5823578595317727,58.23578595317726,0.9235683216954671
0.5874247491638797,58.74247491638796,0.922929624795246
0.5924916387959867,59.24916387959867,0.9222913695880981
0.5975585284280936,59.75585284280937,0.9216535557685691
0.6026254180602008,60.262541806020074,0.9210161830314159
0.6076923076923078,60.769230769230774,0.9203792510716061
0.6127591973244148,61.27591973244147,0.919742759584319
0.6178260869565217,61.78260869565217,0.919106708264944
0.6228929765886289,62.289297658862885,0.9184710968090817
0.6279598662207359,62.795986622073585,0.9178359249125427
0.6330267558528428,63.302675585284284,0.9172011922713483
0.6380936454849498,63.80936454849498,0.91656689858173
0.643160535117057,64.31605351170569,0.9159330435401293
0.648227424749164,64.8227424749164,0.9152996268431975
0.653294314381271,65.32943143812709,0.914666648187796
0.6583612040133779,65.8361204013378,0.9140341072709954
0.663428093645485,66.3428093645485,0.9134020037900763
0.668494983277592,66.8494983277592,0.9127703374425282
0.673561872909699,67.3561872909699,0.9121391079260501
0.678628762541806,67.8628762541806,0.91150831493855
0.683695652173913,68.3695652173913,0.9108779581781447
0.6887625418060201,68.87625418060202,0.9102480373431596
0.6938294314381271,69.38294314381271,0.9096185521321293
0.6988963210702341,69.88963210702342,0.9089895022437964
0.7039632107023411,70.39632107023411,0.9083608873771118
0.7090301003344482,70.90301003344483,0.907732707231235
0.7140969899665552,71.40969899665552,0.9071049615055332
0.7191638795986622,71.91638795986623,0.9064776498995817
0.7242307692307692,72.42307692307692,0.9058507721131633
0.7292976588628763,72.92976588628764,0.9052243278462688
0.7343645484949833,73.43645484949833,0.9045983167990961
0.7394314381270903,73.94314381270904,0.9039727386720505
0.7444983277591973,74.44983277591973,0.9033475931657449
0.7495652173913044,74.95652173913044,0.9027228799809985
0.7546321070234114,75.46321070234114,0.9020985988188382
0.7596989966555184,75.96989966555185,0.9014747493804971
0.7647658862876254,76.47658862876254,0.900851331367415
0.7698327759197325,76.98327759197325,0.9002283444812385
0.7748996655518395,77.48996655518395,0.89960578842382
0.7799665551839465,77.99665551839465,0.8989836628972185
0.7850334448160535,78.50334448160535,0.8983619676036989
0.7901003344481606,79.01003344481606,0.897740702245732
0.7951672240802676,79.51672240802677,0.8971198665259944
0.8002341137123746,80.02341137123746,0.8964994601473683
0.8053010033444816,80.53010033444816,0.8958794828129413
0.8103678929765887,81.03678929765887,0.8952599342260062
0.8154347826086957,81.54347826086958,0.8946408140900616
0.8205016722408027,82.05016722408027,0.8940221221088104
0.8255685618729097,82.55685618729098,0.8934038579861608
0.8306354515050168,83.06354515050168,0.8927860214262258
0.8357023411371238,83.57023411371239,0.8921686121333228
0.8407692307692308,84.07692307692308,0.8915516298119737
0.8458361204013378,84.58361204013379,0.890935074166905
0.8509030100334448,85.09030100334448,0.8903189449030472
0.8559698996655519,85.5969899665552,0.8897032417255347
0.8610367892976589,86.10367892976589,0.8890879643397063
0.8661036789297659,86.6103678929766,0.888473112451104
0.8711705685618729,87.11705685618729,0.887858685765474
0.87623745819398,87.623745819398,0.8872446839887653
0.881304347826087,88.1304347826087,0.8866311068271311
0.886371237458194,88.6371237458194,0.886017953986927
0.891438127090301,89.1438127090301,0.8854052251747122
0.8965050167224081,89.65050167224081,0.8847929200972486
0.9015719063545151,90.15719063545151,0.884181038461501
0.9066387959866221,90.6638795986622,0.8835695799746368
0.9117056856187291,91.17056856187291,0.8829585443440259
0.9167725752508362,91.67725752508362,0.8823479312772405
0.9218394648829432,92.18394648829432,0.8817377404820553
0.9269063545150502,92.69063545150502,0.8811279716664467
0.9319732441471572,93.19732441471572,0.8805186245385934
0.9370401337792643,93.70401337792643,0.8799096988068756
0.9421070234113713,94.21070234113714,0.8793011941798755
0.9471739130434783,94.71739130434783,0.8786931103663765
0.9522408026755853,95.22408026755853,0.8780854470753637
0.9573076923076924,95.73076923076924,0.8774782040160233
0.9623745819397994,96.23745819397995,0.8768713808977425
0.9674414715719064,96.74414715719064,0.8762649774301097
0.9725083612040134,97.25083612040135,0.875658993322914
0.9775752508361205,97.75752508361205,0.8750534282861451
0.9826421404682275,98.26421404682276,0.8744482820299935
0.9877090301003345,98.77090301003345,0.87384355426485
0.9927759197324415,99.27759197324416,0.8732392447013057
0.9978428093645485,99.78428093645485,0.8726353530501517
1.0029096989966555,100.29096989966555,0.8720318790223794
1.0079765886287626,100.79765886287626,0.8714288223291798
1.0130434782608695,101.30434782608695,0.8708261826819438
1.0181103678929766,101.81103678929766,0.8702239597922616
1.0231772575250837,102.31772575250837,0.8696221533719233
1.0282441471571906,102.82441471571906,0.869020763132918
1.0333110367892977,103.33110367892976,0.8684197887874339
1.0383779264214046,103.83779264214046,0.8678192300478584
1.0434448160535117,104.34448160535116,0.867219086626778
1.0485117056856186,104.85117056856186,0.8666193582369777
1.0535785953177257,105.35785953177256,0.8660200445914409
1.0586454849498328,105.86454849498328,0.86542114540335
1.0637123745819397,106.37123745819397,0.8648226603860855
1.0687792642140468,106.87792642140468,0.864224589253226
1.073846153846154,107.38461538461539,0.8636269317185483
1.0789130434782608,107.89130434782608,0.8630296874960273
1.0839799331103679,108.39799331103679,0.8624328562998352
1.0890468227424748,108.90468227424748,0.8618364378443427
1.0941137123745819,109.41137123745818,0.861240431844117
1.099180602006689,109.9180602006689,0.8606448380139237
1.1042474916387959,110.42474916387958,0.8600496560687247
1.109314381270903,110.9314381270903,0.8594548857236799
1.11438127090301,111.43812709030101,0.8588605266941456
1.119448160535117,111.9448160535117,0.858266578695675
1.124515050167224,112.45150501672241,0.8576730414440183
1.129581939799331,112.9581939799331,0.8570799146551221
1.134648829431438,113.4648829431438,0.8564871980451294
1.1397157190635452,113.97157190635451,0.8558948913303797
1.144782608695652,114.4782608695652,0.8553029942274081
1.1498494983277592,114.98494983277592,0.8547115064529466
1.1549163879598663,115.49163879598663,0.8541204277239223
1.1599832775919732,115.99832775919732,0.8535297577574587
1.1650501672240803,116.50501672240803,0.8529394962708743
1.1701170568561872,117.01170568561872,0.8523496429816837
1.1751839464882943,117.51839464882943,0.8517601976075964
1.1802508361204014,118.02508361204013,0.8511711598665173
1.1853177257525083,118.53177257525083,0.8505825294765464
1.1903846153846154,119.03846153846153,0.8499943061559787
1.1954515050167223,119.54515050167223,0.8494064896233038
1.2005183946488294,120.05183946488293,0.8488190795972061
1.2055852842809365,120.55852842809365,0.8482320757965648
1.2106521739130434,121.06521739130433,0.847645477940453
1.2157190635451505,121.57190635451505,0.8470592857481383
1.2207859531772576,122.07859531772576,0.8464734989390826
1.2258528428093645,122.58528428093645,0.8458881172329419
1.2309197324414716,123.09197324414716,0.8453031403495656
1.2359866220735785,123.59866220735785,0.844718568008997
1.2410535117056856,124.10535117056855,0.8441343999314734
1.2461204013377927,124.61204013377926,0.8435506358374252
1.2511872909698996,125.11872909698995,0.8429672754474761
1.2562541806020067,125.62541806020067,0.8423843184824432
1.2613210702341138,126.13210702341138,0.8418017646633366
1.2663879598662207,126.63879598662207,0.8412196137113592
1.2714548494983278,127.14548494983278,0.8406378653479071
1.2765217391304347,127.65217391304347,0.8400565192945685
1.2815886287625418,128.15886287625418,0.8394755752731246
1.2866555183946489,128.66555183946488,0.8388950330055488
1.2917224080267558,129.1722408026756,0.8383148922140068
1.2967892976588629,129.6789297658863,0.8377351526208564
1.30185618729097,130.185618729097,0.8371558139486476
1.3069230769230769,130.69230769230768,0.836576875920122
1.311989966555184,131.19899665551839,0.8359983382582131
1.3170568561872908,131.7056856187291,0.8354202006860459
1.322123745819398,132.2123745819398,0.8348424629269371
1.327190635451505,132.7190635451505,0.8342651247043944
1.332257525083612,133.22575250836118,0.833688185742117
1.337324414715719,133.73244147157192,0.8331116457639951
1.342391304347826,134.2391304347826,0.8325355044941097
1.347458193979933,134.7458193979933,0.8319597616567328
1.3525250836120402,135.252508361204,0.8313844169763269
1.357591973244147,135.7591973244147,0.8308094701775454
1.3626588628762542,136.26588628762542,0.8302349209852316
1.3677257525083613,136.77257525083613,0.8296607691244194
1.3727926421404681,137.2792642140468,0.8290870143203329
1.3778595317725753,137.7859531772575,0.8285136562983862
1.3829264214046821,138.29264214046822,0.8279406947841832
1.3879933110367892,138.79933110367892,0.8273681295035175
1.3930602006688964,139.30602006688963,0.8267959601823723
1.3981270903010032,139.81270903010034,0.8262241865469206
1.4031939799331103,140.31939799331104,0.8256528083235246
1.4082608695652175,140.82608695652175,0.8250818252387356
1.4133277591973243,141.33277591973243,0.8245112370192942
1.4183946488294314,141.83946488294313,0.8239410433921298
1.4234615384615383,142.34615384615384,0.8233712440843608
1.4285284280936454,142.85284280936455,0.8228018388232942
1.4335953177257525,143.35953177257525,0.8222328273364256
1.4386622073578594,143.86622073578593,0.8216642093514391
1.4437290969899665,144.37290969899666,0.8210959845962071
1.4487959866220737,144.87959866220737,0.8205281527987903
1.4538628762541805,145.38628762541805,0.8199607136874373
1.4589297658862876,145.89297658862876,0.8193936669905845
1.4639966555183945,146.39966555183946,0.8188270124368565
1.4690635451505016,146.90635451505017,0.8182607497550652
1.4741304347826087,147.41304347826087,0.8176948786742103
1.4791973244147156,147.91973244147155,0.8171293989234789
1.4842642140468227,148.4264214046823,0.816564310232245
1.4893311036789296,148.93311036789297,0.8159996123300702
1.4943979933110367,149.43979933110367,0.815435304946703
1.4994648829431438,149.94648829431438,0.8148713878120787
1.5045317725752507,150.45317725752508,0.8143078606563193
1.5095986622073578,150.9598662207358,0.8137447232097338
1.514665551839465,151.4665551839465,0.8131819752028173
1.5197324414715718,151.97324414715717,0.8126196163662516
1.524799331103679,152.47993311036788,0.8120576464309043
1.5298662207357858,152.9866220735786,0.8114960651278296
1.534933110367893,153.4933110367893,0.8109348721882674
1.54,154.0,0.8103740673436437
